友家 · 英郡年华三期时光里4居室-南卧,龙岗区,http://sz.ziroom.com/z/vr/61496418.html
友家 · 新秀村南区4居室-南卧,罗湖区新秀,http://sz.ziroom.com/z/vr/61545335.html
友家 · 远洋新干线二期5居室-南卧,龙岗区,http://sz.ziroom.com/z/vr/61396159.html
友家 · 远洋新干线二期5居室-南卧,龙岗区,http://sz.ziroom.com/z/vr/61425133.html
友家 · 紫薇花园4居室-南卧,龙岗区龙岗中心城,http://sz.ziroom.com/z/vr/61349023.html
友家 · 远洋新干线二期4居室-南卧,龙岗区,http://sz.ziroom.com/z/vr/61478534.html
友家 · 远洋新干线二期5居室-南卧,龙岗区,http://sz.ziroom.com/z/vr/61425129.html
友家 · 万象新天4居室-南卧,宝安区西乡,http://sz.ziroom.com/z/vr/61500646.html
友家 · 英郡年华三期时光里4居室-南卧,龙岗区,http://sz.ziroom.com/z/vr/61496415.html
友家 · 中城康桥花园一期4居室-南卧,龙岗区丹竹头,http://sz.ziroom.com/z/vr/61504512.html
友家 · 桦润馨居4居室-南卧,龙华区龙华中心,http://sz.ziroom.com/z/vr/61463456.html
友家 · 万科天誉二期5居室-南卧,龙岗区,http://sz.ziroom.com/z/vr/61398766.html
友家 · 万科天誉二期5居室-南卧,龙岗区,http://sz.ziroom.com/z/vr/61398816.html
友家 · 万科天誉二期4居室-南卧,龙岗区,http://sz.ziroom.com/z/vr/61529916.html
友家 · 信义假日名城三期菁华园4居室-南卧,龙岗区布吉,http://sz.ziroom.com/z/vr/61523693.html
友家 · 远洋新干线二期4居室-南卧,龙岗区,http://sz.ziroom.com/z/vr/61402440.html
友家 · 优品建筑5居室-南卧,龙华区龙华中心,http://sz.ziroom.com/z/vr/60494546.html
友家 · 远洋新干线二期5居室-南卧,龙岗区,http://sz.ziroom.com/z/vr/61454299.html
友家 · 万科麓城二期4居室-南卧,龙岗区布吉,http://sz.ziroom.com/z/vr/61547138.html
友家 · 深圳海航城4居室-南卧,龙岗区南联,http://sz.ziroom.com/z/vr/61401378.html
友家 · 远洋新干线二期5居室-南卧,龙岗区,http://sz.ziroom.com/z/vr/61499176.html
友家 · 远洋新干线二期4居室-南卧,龙岗区,http://sz.ziroom.com/z/vr/61386139.html
友家 · 远洋新干线二期4居室-南卧,龙岗区,http://sz.ziroom.com/z/vr/61402437.html
友家 · 金地龙城中央二期4居室-南卧,龙岗区龙岗中心城,http://sz.ziroom.com/z/vr/61388512.html
友家 · 中城康桥花园二期4居室-北卧,龙岗区,http://sz.ziroom.com/z/vr/61537526.html
整租 · 汇福花园2居室-南,龙岗区布吉,http://sz.ziroom.com/z/vr/61491848.html
友家 · 深圳海航城4居室-南卧,龙岗区南联,http://sz.ziroom.com/z/vr/61401337.html
友家 · 鸿荣源·壹城中心第九区6居室-南卧,龙华区,http://sz.ziroom.com/z/vr/61411317.html
友家 · 英郡年华5居室-西卧,龙岗区丹竹头,http://sz.ziroom.com/z/vr/61505716.html
友家 · 松泉山庄4居室-南卧,罗湖区布心,http://sz.ziroom.com/z/vr/61457218.html
友家 · 星河传奇二期5居室-南卧,龙华区,http://sz.ziroom.com/z/vr/61501819.html
友家 · 中城康桥花园一期4居室-北卧,龙岗区丹竹头,http://sz.ziroom.com/z/vr/61511437.html
友家 · 峰景台大厦5居室-南卧,罗湖区凤凰,http://sz.ziroom.com/z/vr/61531288.html
友家 · 信义锦绣花园6居室-东卧,龙岗区,http://sz.ziroom.com/z/vr/61480997.html
友家 · 桦润馨居4居室-南卧,龙华区龙华中心,http://sz.ziroom.com/z/vr/60813456.html
友家 · 优品建筑5居室-南卧,龙华区龙华中心,http://sz.ziroom.com/z/vr/61467869.html
友家 · 学子荔园5居室-南卧,南山区大学城,http://sz.ziroom.com/z/vr/61337622.html
友家 · 金地龙城中央二期4居室-南卧,龙岗区龙岗中心城,http://sz.ziroom.com/z/vr/61534655.html
友家 · 满京华喜悦里4居室-南卧,龙岗区南联,http://sz.ziroom.com/z/vr/61412889.html
友家 · 鸿荣源·壹城中心第九区6居室-南卧,龙华区,http://sz.ziroom.com/z/vr/61489275.html
友家 · 鸿荣源·壹城中心第九区6居室-南卧,龙华区,http://sz.ziroom.com/z/vr/61463854.html
友家 · 鸿荣源·壹城中心第九区6居室-南卧,龙华区,http://sz.ziroom.com/z/vr/61500352.html
友家 · 鸿荣源·壹城中心第九区6居室-南卧,龙华区,http://sz.ziroom.com/z/vr/61408046.html
友家 · 龙溪花园4居室-南卧,福田区香蜜湖,http://sz.ziroom.com/z/vr/61523530.html
友家 · 世纪春城二期5居室-南卧,龙华区民治,http://sz.ziroom.com/z/vr/61517151.html
友家 · 万科天誉二期4居室-东南卧,龙岗区,http://sz.ziroom.com/z/vr/61398706.html
友家 · 万科天誉二期4居室-西南卧,龙岗区,http://sz.ziroom.com/z/vr/61440250.html
整租 · 万科天誉二期1居室-南,龙岗区,http://sz.ziroom.com/z/vr/61556043.html
整租 · 翡翠星光园2居室-南,龙岗区,http://sz.ziroom.com/z/vr/61505068.html
整租 · 特发和平里1居室-南,龙华区龙华中心,http://sz.ziroom.com/z/vr/61493918.html
整租 · 特发和平里1居室-南,龙华区龙华中心,http://sz.ziroom.com/z/vr/61493998.html
友家 · 合正丹郡4居室-南卧,龙岗区,http://sz.ziroom.com/z/vr/61373021.html
友家 · 美丽家园5居室-南卧,龙华区龙华中心,http://sz.ziroom.com/z/vr/61524219.html
友家 · 星河时代4居室-南卧,龙岗区大运,http://sz.ziroom.com/z/vr/61530677.html
友家 · 满京华喜悦里4居室-南卧,龙岗区南联,http://sz.ziroom.com/z/vr/61412888.html
友家 · 远洋新干线二期5居室-南卧,龙岗区,http://sz.ziroom.com/z/vr/61358406.html
友家 · 信义锦绣花园6居室-西卧,龙岗区,http://sz.ziroom.com/z/vr/61481001.html
友家 · 中加名园4居室-南卧,龙岗区,http://sz.ziroom.com/z/vr/61129696.html
友家 · 紫薇花园5居室-南卧,龙岗区龙岗中心城,http://sz.ziroom.com/z/vr/61514132.html
友家 · 紫薇花园6居室-南卧,龙岗区龙岗中心城,http://sz.ziroom.com/z/vr/61486100.html
友家 · 鸿荣源·壹城中心第九区5居室-南卧,龙华区,http://sz.ziroom.com/z/vr/61403348.html
整租 · 富通天骏2居室-南,龙华区清湖,http://sz.ziroom.com/z/vr/61448634.html
友家 · 紫薇花园4居室-南卧,龙岗区龙岗中心城,http://sz.ziroom.com/z/vr/61158563.html
友家 · 紫薇花园6居室-南卧,龙岗区龙岗中心城,http://sz.ziroom.com/z/vr/61486099.html
友家 · 学子荔园5居室-南卧,南山区大学城,http://sz.ziroom.com/z/vr/61337619.html
整租 · 学子荔园1居室-南,南山区大学城,http://sz.ziroom.com/z/vr/61469660.html
友家 · 金地龙城中央二期4居室-南卧,龙岗区龙岗中心城,http://sz.ziroom.com/z/vr/61548317.html
整租 · 愉天小区1居室-南,罗湖区翠竹,http://sz.ziroom.com/z/vr/61457013.html
友家 · 锦荟PARK4居室-北卧,龙岗区横岗,http://sz.ziroom.com/z/vr/61513989.html
友家 · 鸿荣源·壹城中心第九区5居室-南卧,龙华区,http://sz.ziroom.com/z/vr/61407268.html
友家 · 鸿荣源·壹城中心第九区5居室-南卧,龙华区,http://sz.ziroom.com/z/vr/61416664.html
整租 · 紫荆花园1居室-南,罗湖区,http://sz.ziroom.com/z/vr/61557824.html
友家 · 深圳海航城4居室-南卧,龙岗区南联,http://sz.ziroom.com/z/vr/61401340.html
友家 · 远洋新干线二期5居室-北卧,龙岗区,http://sz.ziroom.com/z/vr/61396156.html
整租 · 东门1681居室-南,罗湖区东门,http://sz.ziroom.com/z/vr/61547163.html
友家 · 桂芳园五期4居室-东卧,龙岗区布吉,http://sz.ziroom.com/z/vr/61452831.html
友家 · 远洋新干线二期4居室-北卧,龙岗区,http://sz.ziroom.com/z/vr/61478537.html
友家 · 星河传奇一期5居室-南卧,龙华区龙华中心,http://sz.ziroom.com/z/vr/61438318.html
整租 · 鹏益花园1居室-南,福田区八卦岭,http://sz.ziroom.com/z/vr/61526712.html
友家 · 紫薇花园6居室-南卧,龙岗区龙岗中心城,http://sz.ziroom.com/z/vr/61486101.html
整租 · 龙都花园2居室-南,南山区桃源村,http://sz.ziroom.com/z/vr/61420164.html
友家 · 万科天誉二期4居室-南卧,龙岗区,http://sz.ziroom.com/z/vr/61416243.html
友家 · 信义假日名城博雅园4居室-南卧,龙岗区布吉,http://sz.ziroom.com/z/vr/61471531.html
友家 · 远洋新干线二期5居室-北卧,龙岗区,http://sz.ziroom.com/z/vr/61396157.html
友家 · 远洋新干线二期5居室-北卧,龙岗区,http://sz.ziroom.com/z/vr/61425131.html
友家 · 松泉山庄4居室-南卧,罗湖区布心,http://sz.ziroom.com/z/vr/60719427.html
友家 · 紫薇花园5居室-南卧,龙岗区龙岗中心城,http://sz.ziroom.com/z/vr/61514135.html
整租 · 海富花园2居室-南,罗湖区春风路,http://sz.ziroom.com/z/vr/61506507.html
整租 · 光纤小区1居室-南,福田区,http://sz.ziroom.com/z/vr/61567304.html
友家 · 公园大地五期5居室-南卧,龙岗区,http://sz.ziroom.com/z/vr/61376030.html
友家 · 星河传奇二期5居室-南卧,龙华区,http://sz.ziroom.com/z/vr/61570777.html
整租 · 龙都花园2居室-南,南山区桃源村,http://sz.ziroom.com/z/vr/61317554.html
友家 · 富豪花园4居室-南卧,龙岗区坂田,http://sz.ziroom.com/z/vr/61499643.html
友家 · 景贝南小区4居室-南卧,罗湖区凤凰,http://sz.ziroom.com/z/vr/60565063.html
友家 · 远洋新干线二期4居室-南卧,龙岗区,http://sz.ziroom.com/z/vr/61389381.html
友家 · 英郡年华三期时光里4居室-南卧,龙岗区,http://sz.ziroom.com/z/vr/61494025.html
友家 · 龙岗天健花园4居室-南卧,龙岗区龙岗中心城,http://sz.ziroom.com/z/vr/61432381.html
友家 · 万科天誉二期4居室-南卧,龙岗区,http://sz.ziroom.com/z/vr/61376679.html
整租 · 桐林公寓1居室-南,福田区华强南,http://sz.ziroom.com/z/vr/61505215.html
整租 · 蓝宝石名庭1居室-南,福田区梅林,http://sz.ziroom.com/z/vr/61430588.html
整租 · 蓝宝石名庭1居室-南,福田区梅林,http://sz.ziroom.com/z/vr/61431597.html
整租 · 桐林公寓1居室-南,福田区华强南,http://sz.ziroom.com/z/vr/61562697.html
友家 · 满京华喜悦里4居室-南卧,龙岗区南联,http://sz.ziroom.com/z/vr/61412886.html
友家 · 信义御城豪园4居室-西卧,龙岗区横岗,http://sz.ziroom.com/z/vr/61495324.html
友家 · 万科天誉二期4居室-南卧,龙岗区,http://sz.ziroom.com/z/vr/61416240.html
友家 · 世纪春城三期4居室-南卧,龙华区民治,http://sz.ziroom.com/z/vr/61420819.html
友家 · 金地龙城中央二期4居室-南卧,龙岗区龙岗中心城,http://sz.ziroom.com/z/vr/61548319.html
友家 · 鸿荣源·壹城中心第九区5居室-南卧,龙华区,http://sz.ziroom.com/z/vr/61442032.html
友家 · 泰华阳光海小区5居室-南卧,宝安区碧海,http://sz.ziroom.com/z/vr/61515841.html
友家 · 中加名园4居室-东卧,龙岗区,http://sz.ziroom.com/z/vr/61485656.html
友家 · 公园大地五期5居室-南卧,龙岗区,http://sz.ziroom.com/z/vr/61320443.html
友家 · 招商澜园2居室-南卧,龙华区,http://sz.ziroom.com/z/vr/61464383.html
友家 · THETOWN乐城4居室-西卧,龙岗区大运,http://sz.ziroom.com/z/vr/61495447.html
友家 · 学子荔园5居室-南卧,南山区大学城,http://sz.ziroom.com/z/vr/61337620.html
友家 · 远洋新干线二期5居室-北卧,龙岗区,http://sz.ziroom.com/z/vr/61358409.html
友家 · 远洋新干线二期5居室-北卧,龙岗区,http://sz.ziroom.com/z/vr/61499179.html
友家 · 远洋新干线二期5居室-东卧,龙岗区,http://sz.ziroom.com/z/vr/61454302.html
整租 · 凯丰花园一期1居室-南,福田区梅林,http://sz.ziroom.com/z/vr/61548902.html
友家 · 德润荣君府6居室-南卧,龙岗区,http://sz.ziroom.com/z/vr/61346982.html
友家 · 公园大地五期5居室-南卧,龙岗区,http://sz.ziroom.com/z/vr/61320444.html
友家 · 远洋新干线二期5居室-西卧,龙岗区,http://sz.ziroom.com/z/vr/61499177.html
友家 · 远洋新干线二期5居室-北卧,龙岗区,http://sz.ziroom.com/z/vr/61499178.html
整租 · 潜龙曼海宁花园南区2居室-南,龙华区龙华中心,http://sz.ziroom.com/z/vr/61550994.html
友家 · 鸿荣源·壹城中心第九区5居室-南卧,龙华区,http://sz.ziroom.com/z/vr/61395442.html
友家 · 锦荟PARK4居室-北卧,龙岗区横岗,http://sz.ziroom.com/z/vr/61458538.html
友家 · 景贝北小区4居室-东南卧,罗湖区凤凰,http://sz.ziroom.com/z/vr/61524389.html
整租 · 金地海景花园1居室-南,福田区福荣,http://sz.ziroom.com/z/vr/61526554.html
友家 · 锦荟PARK5居室-北卧,龙岗区横岗,http://sz.ziroom.com/z/vr/61482183.html
友家 · 万科麓城三期4居室-西卧,龙岗区,http://sz.ziroom.com/z/vr/61559794.html
友家 · 满京华喜悦里5居室-北卧,龙岗区南联,http://sz.ziroom.com/z/vr/61385129.html
友家 · 远洋新干线二期5居室-南卧,龙岗区,http://sz.ziroom.com/z/vr/61454300.html
友家 · 中城康桥花园一期4居室-北卧,龙岗区丹竹头,http://sz.ziroom.com/z/vr/61433401.html
整租 · 龙城华府2居室-北,龙岗区,http://sz.ziroom.com/z/vr/61405289.html
友家 · 东方半岛花园A区4居室-东卧,龙岗区,http://sz.ziroom.com/z/vr/61542368.html
友家 · 颐安都会中央二期3居室-南卧,龙岗区大运,http://sz.ziroom.com/z/vr/61311123.html
友家 · 深圳海航城5居室-西卧,龙岗区南联,http://sz.ziroom.com/z/vr/61544109.html
友家 · 松园南小区4居室-南卧,罗湖区地王,http://sz.ziroom.com/z/vr/61419916.html
友家 · 金地龙城中央二期4居室-南卧,龙岗区龙岗中心城,http://sz.ziroom.com/z/vr/60908481.html
友家 · 金地龙城中央二期4居室-东卧,龙岗区龙岗中心城,http://sz.ziroom.com/z/vr/61388514.html
友家 · 金地龙城中央二期4居室-西卧,龙岗区龙岗中心城,http://sz.ziroom.com/z/vr/61388569.html
友家 · 英郡年华三期时光里4居室-南卧,龙岗区,http://sz.ziroom.com/z/vr/61496416.html
友家 · 优品建筑6居室-南卧,龙华区龙华中心,http://sz.ziroom.com/z/vr/61452125.html
友家 · 金地龙城中央二期4居室-西卧,龙岗区龙岗中心城,http://sz.ziroom.com/z/vr/61534653.html
友家 · 深圳海航城5居室-西卧,龙岗区南联,http://sz.ziroom.com/z/vr/61544107.html
整租 · 欧景城花园2居室-南,龙岗区,http://sz.ziroom.com/z/vr/61377200.html
友家 · 雍翠华府3居室-南卧,罗湖区布心,http://sz.ziroom.com/z/vr/61410304.html
友家 · 龙岗天健花园4居室-南卧,龙岗区龙岗中心城,http://sz.ziroom.com/z/vr/61432378.html
友家 · 金地龙城中央二期4居室-东卧,龙岗区龙岗中心城,http://sz.ziroom.com/z/vr/61534652.html
整租 · 学子荔园2居室-南,南山区大学城,http://sz.ziroom.com/z/vr/61511769.html
友家 · 洪湖二街6号大院4居室-南卧,罗湖区洪湖,http://sz.ziroom.com/z/vr/60799064.html
整租 · 海康大厦1居室-南,福田区梅林,http://sz.ziroom.com/z/vr/61446030.html
友家 · 金地龙城中央二期4居室-南卧,龙岗区龙岗中心城,http://sz.ziroom.com/z/vr/61421873.html
友家 · 星河时代4居室-南卧,龙岗区大运,http://sz.ziroom.com/z/vr/61530675.html
友家 · 深圳海航城5居室-西卧,龙岗区南联,http://sz.ziroom.com/z/vr/61544108.html
友家 · 深圳海航城5居室-西卧,龙岗区南联,http://sz.ziroom.com/z/vr/61544110.html
友家 · 佳兆业可园四期5居室-北卧,龙岗区,http://sz.ziroom.com/z/vr/61531755.html
整租 · 联城美园2居室-南,罗湖区春风路,http://sz.ziroom.com/z/vr/61552891.html
友家 · 龙岗天健郡城4居室-南卧,龙岗区龙岗中心城,http://sz.ziroom.com/z/vr/61494501.html
友家 · 龙岗天健郡城4居室-南卧,龙岗区龙岗中心城,http://sz.ziroom.com/z/vr/61495133.html
友家 · 信义假日名城五期A逸翠园4居室-西卧,龙岗区布吉,http://sz.ziroom.com/z/vr/61443357.html
友家 · 尚景华园4居室-南卧,龙岗区龙岗中心城,http://sz.ziroom.com/z/vr/61434898.html
整租 · 尚书苑1居室-南,福田区梅林,http://sz.ziroom.com/z/vr/61262372.html
整租 · 莲花一村2居室-南,福田区福田中心,http://sz.ziroom.com/z/vr/61523415.html
整租 · 学子荔园2居室-南,南山区大学城,http://sz.ziroom.com/z/vr/61510401.html
友家 · 鸿荣源·壹城中心第九区5居室-南卧,龙华区,http://sz.ziroom.com/z/vr/61441047.html
整租 · 万象天成1居室-北,龙岗区南联,http://sz.ziroom.com/z/vr/61483028.html
友家 · 龙岗天健郡城4居室-南卧,龙岗区龙岗中心城,http://sz.ziroom.com/z/vr/61494499.html
友家 · 深圳海航城5居室-东卧,龙岗区南联,http://sz.ziroom.com/z/vr/61544106.html
整租 · 彩虹新都2居室-南,福田区福田中心,http://sz.ziroom.com/z/vr/61336725.html
整租 · 兴达华府1居室-南,宝安区西乡,http://sz.ziroom.com/z/vr/61406509.html
整租 · 学子荔园2居室-南,南山区大学城,http://sz.ziroom.com/z/vr/61552815.html
友家 · 公园大地五期5居室-南卧,龙岗区,http://sz.ziroom.com/z/vr/61376032.html
友家 · 紫薇花园4居室-南卧,龙岗区龙岗中心城,http://sz.ziroom.com/z/vr/61117266.html
友家 · 风和日丽4居室-南卧,龙华区龙华中心,http://sz.ziroom.com/z/vr/61451654.html
友家 · 鸿荣源·壹城中心第九区6居室-南卧,龙华区,http://sz.ziroom.com/z/vr/61391780.html
整租 · 汇福花园2居室-北,龙岗区布吉,http://sz.ziroom.com/z/vr/61438415.html
整租 · 卡罗社区2居室-南,宝安区翻身,http://sz.ziroom.com/z/vr/61450414.html
友家 · 龙珠花园4居室-西卧,龙岗区布吉,http://sz.ziroom.com/z/vr/61340806.html
友家 · 康达尔花园二期4居室-西卧,龙岗区布吉,http://sz.ziroom.com/z/vr/60555672.html
友家 · 尚景华园4居室-南卧,龙岗区龙岗中心城,http://sz.ziroom.com/z/vr/61434900.html
友家 · 英郡年华5居室-西卧,龙岗区丹竹头,http://sz.ziroom.com/z/vr/61505715.html
整租 · 新银座华庭2居室-南,罗湖区人民南,http://sz.ziroom.com/z/vr/61455231.html
友家 · 锦绣江南三期4居室-南卧,龙华区清湖,http://sz.ziroom.com/z/vr/60552538.html
友家 · 今日家园4居室-南卧,罗湖区,http://sz.ziroom.com/z/vr/61519444.html
友家 · 美丽365花园4居室-西卧,龙华区龙华中心,http://sz.ziroom.com/z/vr/61548973.html
友家 · 金地龙城中央一期5居室-南卧,龙岗区,http://sz.ziroom.com/z/vr/61370886.html
整租 · 风临国际东座1居室-北,龙岗区龙岗中心城,http://sz.ziroom.com/z/vr/61507764.html
友家 · 理想家园4居室-南卧,龙岗区布吉,http://sz.ziroom.com/z/vr/61433790.html
友家 · 鸿荣源·壹城中心第九区6居室-南卧,龙华区,http://sz.ziroom.com/z/vr/61411322.html
友家 · 信义御城豪园4居室-西卧,龙岗区横岗,http://sz.ziroom.com/z/vr/61530624.html
整租 · 源兴居1居室-北,罗湖区洪湖,http://sz.ziroom.com/z/vr/61528788.html
友家 · 光侨街住宅区4居室-南卧,南山区,http://sz.ziroom.com/z/vr/61340887.html
友家 · 美丽AAA花园4居室-南卧,龙华区龙华中心,http://sz.ziroom.com/z/vr/60858131.html
整租 · 岭尚时代园1居室-南,福田区八卦岭,http://sz.ziroom.com/z/vr/61347244.html
友家 · 锦荟PARK4居室-北卧,龙岗区横岗,http://sz.ziroom.com/z/vr/61513994.html
友家 · 桂芳园四期4居室-东卧,龙岗区布吉,http://sz.ziroom.com/z/vr/61418377.html
友家 · 金地龙城中央二期4居室-东卧,龙岗区龙岗中心城,http://sz.ziroom.com/z/vr/61432745.html
友家 · 松园南小区4居室-南卧,罗湖区地王,http://sz.ziroom.com/z/vr/61419917.html
整租 · 财富港大厦1居室-北,宝安区碧海,http://sz.ziroom.com/z/vr/61461135.html
整租 · 世纪春城四期2居室-南,龙华区民治,http://sz.ziroom.com/z/vr/61392245.html
友家 · 桂芳园六期4居室-南卧,龙岗区布吉,http://sz.ziroom.com/z/vr/61159174.html
友家 · 鸿荣源·壹城中心第九区5居室-南卧,龙华区,http://sz.ziroom.com/z/vr/61407272.html
友家 · 英郡年华三期时光里4居室-东卧,龙岗区,http://sz.ziroom.com/z/vr/61484186.html
友家 · 合正丹郡4居室-南卧,龙岗区,http://sz.ziroom.com/z/vr/61431547.html
友家 · 鸿荣源·壹城中心第九区5居室-南卧,龙华区,http://sz.ziroom.com/z/vr/61416668.html
整租 · 云景豪园2居室-南,罗湖区春风路,http://sz.ziroom.com/z/vr/61517596.html
整租 · 怡景花园2居室-南,罗湖区,http://sz.ziroom.com/z/vr/61402192.html
友家 · 深宝住宅区3居室-西卧,罗湖区翠竹,http://sz.ziroom.com/z/vr/61373761.html
友家 · 中城康桥花园一期4居室-北卧,龙岗区丹竹头,http://sz.ziroom.com/z/vr/61392215.html
整租 · 东门1681居室-西,罗湖区东门,http://sz.ziroom.com/z/vr/61441056.html
整租 · 茂业城2居室-东,龙岗区,http://sz.ziroom.com/z/vr/61345193.html
整租 · 桂芳园四期2居室-北,龙岗区布吉,http://sz.ziroom.com/z/vr/61555392.html
友家 · 长富花园4居室-北卧,罗湖区布心,http://sz.ziroom.com/z/vr/60574274.html
友家 · 锦荟PARK4居室-北卧,龙岗区横岗,http://sz.ziroom.com/z/vr/61513986.html
友家 · 城投七里香榭5居室-南卧,龙华区深圳北站,http://sz.ziroom.com/z/vr/61480090.html
友家 · 紫薇花园5居室-北卧,龙岗区龙岗中心城,http://sz.ziroom.com/z/vr/61202044.html
友家 · 桂芳园六期4居室-东南卧,龙岗区布吉,http://sz.ziroom.com/z/vr/60916102.html
精选 · 聚龙大厦2居室-北,罗湖区东门,http://sz.ziroom.com/z/vr/61452397.html
整租 · 财富港大厦1居室-北,宝安区碧海,http://sz.ziroom.com/z/vr/61430283.html
整租 · 金地龙城中央二期2居室-北,龙岗区龙岗中心城,http://sz.ziroom.com/z/vr/61547877.html
整租 · 绿海名都1居室-南,南山区南头,http://sz.ziroom.com/z/vr/61522120.html
友家 · 皓月花园4居室-南卧,龙华区民治,http://sz.ziroom.com/z/vr/60518542.html
友家 · 紫薇花园4居室-南卧,龙岗区龙岗中心城,http://sz.ziroom.com/z/vr/61158566.html
友家 · 风和日丽4居室-南卧,龙华区龙华中心,http://sz.ziroom.com/z/vr/61424241.html
友家 · 壹锦园4居室-南卧,龙岗区天安数码城龙岗,http://sz.ziroom.com/z/vr/60961921.html
友家 · 桂芳园六期4居室-东南卧,龙岗区布吉,http://sz.ziroom.com/z/vr/60960680.html
友家 · 旺海怡苑4居室-南卧,南山区科技园北,http://sz.ziroom.com/z/vr/60389349.html
友家 · 鸿荣源·壹城中心第九区5居室-北卧,龙华区,http://sz.ziroom.com/z/vr/61449678.html
整租 · 联城美园2居室-南,罗湖区春风路,http://sz.ziroom.com/z/vr/61509548.html
整租 · 君逸华府2居室-南,罗湖区,http://sz.ziroom.com/z/vr/61444543.html
友家 · 万象天成5居室-东卧,龙岗区南联,http://sz.ziroom.com/z/vr/61499052.html
整租 · 华隆园1居室-东,罗湖区东门,http://sz.ziroom.com/z/vr/61514874.html
友家 · 星河盛世5居室-南卧,龙华区深圳北站,http://sz.ziroom.com/z/vr/61430317.html
整租 · 旭飞华达园1居室-北,罗湖区百仕达,http://sz.ziroom.com/z/vr/61458902.html
友家 · 颐安都会中央一期5居室-南卧,龙岗区大运,http://sz.ziroom.com/z/vr/61392763.html
友家 · 皇洲花园4居室-南卧,福田区岗厦,http://sz.ziroom.com/z/vr/61470602.html
友家 · 星河传奇二期5居室-西卧,龙华区,http://sz.ziroom.com/z/vr/61453047.html
友家 · 鸿荣源·壹城中心第九区6居室-南卧,龙华区,http://sz.ziroom.com/z/vr/61402663.html
友家 · 鸿荣源·壹城中心第九区5居室-南卧,龙华区,http://sz.ziroom.com/z/vr/61442036.html
友家 · 鸿荣源·壹城中心第九区6居室-南卧,龙华区,http://sz.ziroom.com/z/vr/61442120.html
友家 · 鸿荣源·壹城中心第九区6居室-南卧,龙华区,http://sz.ziroom.com/z/vr/61489280.html
友家 · 鸿荣源·壹城中心第九区6居室-南卧,龙华区,http://sz.ziroom.com/z/vr/61500357.html
友家 · 鸿荣源·壹城中心第九区6居室-南卧,龙华区,http://sz.ziroom.com/z/vr/61427409.html
友家 · 鸿荣源·壹城中心第九区6居室-南卧,龙华区,http://sz.ziroom.com/z/vr/61408051.html
整租 · 龙岸花园一期1居室-南,龙岗区,http://sz.ziroom.com/z/vr/61520172.html
友家 · 信义假日名城五期A逸翠园4居室-东卧,龙岗区布吉,http://sz.ziroom.com/z/vr/61443354.html
友家 · 新秀村南区4居室-南卧,罗湖区新秀,http://sz.ziroom.com/z/vr/61545337.html
友家 · 润城花园4居室-南卧,南山区西丽,http://sz.ziroom.com/z/vr/60210185.html
友家 · 龙岗天健郡城4居室-南卧,龙岗区龙岗中心城,http://sz.ziroom.com/z/vr/61494498.html
友家 · 龙岗天健郡城4居室-南卧,龙岗区龙岗中心城,http://sz.ziroom.com/z/vr/61495130.html
友家 · 泰华阳光海小区4居室-西卧,宝安区碧海,http://sz.ziroom.com/z/vr/61568000.html
友家 · 碧海富通城二期3居室-东南卧,宝安区碧海,http://sz.ziroom.com/z/vr/61483476.html
整租 · 金地龙城中央二期1居室-西,龙岗区龙岗中心城,http://sz.ziroom.com/z/vr/61553797.html
整租 · 金地龙城中央二期1居室-西,龙岗区龙岗中心城,http://sz.ziroom.com/z/vr/61553987.html
精选 · 颖隆大厦1居室-东,罗湖区布心,http://sz.ziroom.com/z/vr/61433696.html
整租 · 桐林公寓1居室-南,福田区华强南,http://sz.ziroom.com/z/vr/61447763.html
友家 · 碧水龙庭4居室-南卧,龙华区民治,http://sz.ziroom.com/z/vr/60532157.html
整租 · 鹏公馆1居室-南,罗湖区,http://sz.ziroom.com/z/vr/61441094.html
整租 · 星河传奇二期1居室-南,龙华区,http://sz.ziroom.com/z/vr/61438487.html
整租 · 深业岭秀名苑2居室-南,福田区莲花,http://sz.ziroom.com/z/vr/61452452.html
整租 · 东门1681居室-北,罗湖区东门,http://sz.ziroom.com/z/vr/61522615.html
友家 · 神彩苑4居室-南卧,福田区,http://sz.ziroom.com/z/vr/61414786.html
整租 · 龙珠花园2居室-东,龙岗区布吉,http://sz.ziroom.com/z/vr/61414019.html
友家 · 鸿荣源·壹城中心第九区5居室-南卧,龙华区,http://sz.ziroom.com/z/vr/61449674.html
友家 · 万科天誉二期5居室-东卧,龙岗区,http://sz.ziroom.com/z/vr/61416264.html
友家 · 鼎太风华二期4居室-南卧,南山区前海,http://sz.ziroom.com/z/vr/61537748.html
整租 · 翡翠星光园1居室-西,龙岗区,http://sz.ziroom.com/z/vr/61482004.html
整租 · 翡翠星光园1居室-西,龙岗区,http://sz.ziroom.com/z/vr/61475535.html
整租 · 荔馨村南山区1居室-南,南山区南头,http://sz.ziroom.com/z/vr/61502274.html
友家 · 信义锦绣花园5居室-西卧,龙岗区,http://sz.ziroom.com/z/vr/61261145.html
整租 · 鹏益花园1居室-北,福田区八卦岭,http://sz.ziroom.com/z/vr/61503527.html
整租 · 源兴居1居室-北,罗湖区洪湖,http://sz.ziroom.com/z/vr/61544560.html
友家 · 碧海富通城四期4居室-西卧,宝安区,http://sz.ziroom.com/z/vr/61512256.html
整租 · 梅林一村九区2居室-南,福田区景田,http://sz.ziroom.com/z/vr/61401858.html
整租 · 翡翠星光园1居室-东,龙岗区,http://sz.ziroom.com/z/vr/61519399.html
友家 · 聚龙大厦5居室-西卧,罗湖区东门,http://sz.ziroom.com/z/vr/61412401.html
友家 · 万科天誉二期4居室-东北卧,龙岗区,http://sz.ziroom.com/z/vr/61440194.html
友家 · 金地龙城中央二期4居室-南卧,龙岗区龙岗中心城,http://sz.ziroom.com/z/vr/60808830.html
友家 · 洪湖花园4居室-南卧,罗湖区洪湖,http://sz.ziroom.com/z/vr/60120234.html
整租 · 大地花园2居室-西,罗湖区布心,http://sz.ziroom.com/z/vr/61360711.html
整租 · 雍翠华府2居室-南,罗湖区布心,http://sz.ziroom.com/z/vr/61443768.html
整租 · 鹏盛村1居室-北,福田区八卦岭,http://sz.ziroom.com/z/vr/61521180.html
整租 · 金地龙城中央二期1居室-西,龙岗区龙岗中心城,http://sz.ziroom.com/z/vr/61547658.html
整租 · 前海金岸2居室-南,南山区科技园北,http://sz.ziroom.com/z/vr/61523302.html
整租 · 旭飞花园1居室-北,福田区八卦岭,http://sz.ziroom.com/z/vr/61456477.html
整租 · 茂业城2居室-东,龙岗区,http://sz.ziroom.com/z/vr/61538145.html
友家 · 紫薇花园4居室-北卧,龙岗区龙岗中心城,http://sz.ziroom.com/z/vr/61349022.html
友家 · 锦荟PARK5居室-南卧,龙岗区横岗,http://sz.ziroom.com/z/vr/61252624.html
友家 · 万科天誉二期4居室-东卧,龙岗区,http://sz.ziroom.com/z/vr/61529918.html
友家 · 银信中心二期5居室-南卧,龙岗区横岗,http://sz.ziroom.com/z/vr/60964108.html
整租 · 鹏益花园1居室-北,福田区八卦岭,http://sz.ziroom.com/z/vr/61481684.html
整租 · 旭飞华达园1居室-北,罗湖区百仕达,http://sz.ziroom.com/z/vr/61561282.html
友家 · 满京华喜悦里4居室-北卧,龙岗区南联,http://sz.ziroom.com/z/vr/60868048.html
友家 · 桂芳园七期4居室-北卧,龙岗区布吉,http://sz.ziroom.com/z/vr/61087960.html
友家 · 金地龙城中央二期4居室-南卧,龙岗区龙岗中心城,http://sz.ziroom.com/z/vr/61421876.html
友家 · 金地龙城中央二期4居室-南卧,龙岗区龙岗中心城,http://sz.ziroom.com/z/vr/61548320.html
友家 · 龙华花半里花园3居室-东卧,龙华区,http://sz.ziroom.com/z/vr/61506715.html
友家 · 龙光玖龙玺北区5居室-北卧,龙华区,http://sz.ziroom.com/z/vr/61413306.html
友家 · 远洋新干线二期4居室-北卧,龙岗区,http://sz.ziroom.com/z/vr/61389383.html
友家 · 万科天誉二期5居室-北卧,龙岗区,http://sz.ziroom.com/z/vr/61398819.html
友家 · 龙光玖龙玺北区5居室-北卧,龙华区,http://sz.ziroom.com/z/vr/61530467.html
友家 · 龙光玖龙玺北区5居室-西卧,龙华区,http://sz.ziroom.com/z/vr/61553069.html
友家 · 龙光玖龙玺北区5居室-东卧,龙华区,http://sz.ziroom.com/z/vr/61559579.html
友家 · 紫薇花园5居室-北卧,龙岗区龙岗中心城,http://sz.ziroom.com/z/vr/61514133.html
友家 · 茵悦之生花园一期5居室-南卧,龙岗区布吉,http://sz.ziroom.com/z/vr/60878597.html
整租 · 卡罗社区1居室-西南,宝安区翻身,http://sz.ziroom.com/z/vr/61472609.html
整租 · 鹏益花园1居室-北,福田区八卦岭,http://sz.ziroom.com/z/vr/61542896.html
友家 · 万科四季花城二期4居室-北卧,龙岗区坂田,http://sz.ziroom.com/z/vr/61095230.html
整租 · 星湖花园1居室-北,罗湖区,http://sz.ziroom.com/z/vr/61532254.html
友家 · 维富大厦6居室-西卧,罗湖区布心,http://sz.ziroom.com/z/vr/60545522.html
友家 · 马古岭小区4居室-南卧,罗湖区翠竹,http://sz.ziroom.com/z/vr/60120339.html
友家 · 碧水龙庭4居室-南卧,龙华区民治,http://sz.ziroom.com/z/vr/60359724.html
友家 · 万科天誉二期4居室-西北卧,龙岗区,http://sz.ziroom.com/z/vr/61440251.html
友家 · 锦荟PARK5居室-西卧,龙岗区横岗,http://sz.ziroom.com/z/vr/61482185.html
友家 · 鸿荣源·壹城中心第九区5居室-西卧,龙华区,http://sz.ziroom.com/z/vr/61460451.html
友家 · 鸿荣源·壹城中心第九区5居室-东卧,龙华区,http://sz.ziroom.com/z/vr/61478688.html
友家 · 深业岭秀名苑5居室-东卧,福田区莲花,http://sz.ziroom.com/z/vr/61551739.html
整租 · 财富港大厦1居室-北,宝安区碧海,http://sz.ziroom.com/z/vr/61430267.html
整租 · 麟恒中心广场一期1居室-西,龙岗区,http://sz.ziroom.com/z/vr/61303931.html
友家 · 港铁天颂5居室-北卧,龙华区龙华中心,http://sz.ziroom.com/z/vr/60744499.html
友家 · 信义假日名城三期菁华园4居室-北卧,龙岗区布吉,http://sz.ziroom.com/z/vr/61523691.html
友家 · 万象天成5居室-东卧,龙岗区南联,http://sz.ziroom.com/z/vr/61499051.html
友家 · 美丽家园5居室-南卧,龙华区龙华中心,http://sz.ziroom.com/z/vr/61524218.html
整租 · 润恒大厦1居室-南,福田区福田中心,http://sz.ziroom.com/z/vr/61542024.html
整租 · 金地龙城中央二期1居室-北,龙岗区龙岗中心城,http://sz.ziroom.com/z/vr/61556765.html
整租 · 金地龙城中央二期1居室-北,龙岗区龙岗中心城,http://sz.ziroom.com/z/vr/61552665.html
整租 · 金地龙城中央二期1居室-东,龙岗区龙岗中心城,http://sz.ziroom.com/z/vr/61554761.html
友家 · 翠盈嘉园4居室-南卧,罗湖区洪湖,http://sz.ziroom.com/z/vr/60546518.html
整租 · 五洲星苑1居室-南,福田区景田,http://sz.ziroom.com/z/vr/61352413.html
友家 · 盈翠家园4居室-南卧,龙岗区布吉,http://sz.ziroom.com/z/vr/60909117.html
友家 · 锦荟PARK4居室-西卧,龙岗区横岗,http://sz.ziroom.com/z/vr/61201246.html
友家 · 英郡年华三期时光里4居室-南卧,龙岗区,http://sz.ziroom.com/z/vr/61494022.html
整租 · 建业大厦2居室-南,福田区车公庙,http://sz.ziroom.com/z/vr/61330393.html
整租 · 光纤小区1居室-东,福田区,http://sz.ziroom.com/z/vr/61567223.html
整租 · 光纤小区1居室-东,福田区,http://sz.ziroom.com/z/vr/61567265.html
友家 · 星河传奇一期5居室-西卧,龙华区龙华中心,http://sz.ziroom.com/z/vr/61496608.html
整租 · 鹏公馆1居室-南,罗湖区,http://sz.ziroom.com/z/vr/61490630.html
整租 · 旭飞花园1居室-西,福田区八卦岭,http://sz.ziroom.com/z/vr/61479737.html
整租 · 鹏公馆1居室-南,罗湖区,http://sz.ziroom.com/z/vr/61527592.html
整租 · 红荔村2居室-南,福田区华强北,http://sz.ziroom.com/z/vr/61480442.html
友家 · 鹏城花园4居室-北卧,罗湖区布心,http://sz.ziroom.com/z/vr/61512930.html
友家 · 颐安都会中央二期5居室-东卧,龙岗区大运,http://sz.ziroom.com/z/vr/61148840.html
友家 · 碧水龙庭4居室-南卧,龙华区民治,http://sz.ziroom.com/z/vr/61033196.html
友家 · 锦荟PARK4居室-北卧,龙岗区横岗,http://sz.ziroom.com/z/vr/61507604.html
友家 · 锦荟PARK4居室-北卧,龙岗区横岗,http://sz.ziroom.com/z/vr/61513997.html
友家 · 锦荟PARK4居室-北卧,龙岗区横岗,http://sz.ziroom.com/z/vr/61494873.html
整租 · 花好园1居室-北,福田区车公庙,http://sz.ziroom.com/z/vr/61521354.html
友家 · 名门世家5居室-东卧,龙岗区,http://sz.ziroom.com/z/vr/61211910.html
友家 · 佳兆业可园七期3居室-东卧,龙岗区,http://sz.ziroom.com/z/vr/61459248.html
友家 · 英郡年华三期时光里4居室-东卧,龙岗区,http://sz.ziroom.com/z/vr/61484183.html
友家 · 翠竹苑4居室-南卧,罗湖区百仕达,http://sz.ziroom.com/z/vr/60916940.html
友家 · 前海花园三期4居室-南卧,南山区前海,http://sz.ziroom.com/z/vr/60069481.html
整租 · TATA公寓1居室-西北,宝安区西乡,http://sz.ziroom.com/z/vr/61512695.html
友家 · 华丽园3居室-西卧,罗湖区翠竹,http://sz.ziroom.com/z/vr/60225605.html
友家 · 紫薇花园5居室-北卧,龙岗区龙岗中心城,http://sz.ziroom.com/z/vr/61514134.html
友家 · 尚景欣园5居室-南卧,龙岗区龙岗中心城,http://sz.ziroom.com/z/vr/61292629.html
友家 · 龙丽园3居室-南卧,罗湖区翠竹,http://sz.ziroom.com/z/vr/60076823.html
友家 · 星河传奇二期5居室-北卧,龙华区,http://sz.ziroom.com/z/vr/61570781.html
整租 · 水木澜山居2居室-南,福田区,http://sz.ziroom.com/z/vr/61514785.html
整租 · 天骄华庭1居室-南,南山区,http://sz.ziroom.com/z/vr/61564557.html
友家 · 春华四季园二期5居室-南卧,龙华区坂田,http://sz.ziroom.com/z/vr/60887816.html
友家 · 茵悦之生花园一期4居室-北卧,龙岗区布吉,http://sz.ziroom.com/z/vr/61429459.html
整租 · 京基御景华城1居室-东南,福田区华强南,http://sz.ziroom.com/z/vr/61340492.html
整租 · 嘉湖新都1居室-北,罗湖区翠竹,http://sz.ziroom.com/z/vr/61509671.html
整租 · 鹏盛村1居室-北,福田区八卦岭,http://sz.ziroom.com/z/vr/61484903.html
友家 · 槟城西岸4居室-南卧,宝安区西乡,http://sz.ziroom.com/z/vr/60189101.html
友家 · 龙岗天健郡城4居室-南卧,龙岗区龙岗中心城,http://sz.ziroom.com/z/vr/61123701.html
友家 · 美丽365花园4居室-西卧,龙华区龙华中心,http://sz.ziroom.com/z/vr/61548976.html
整租 · 汇龙花园1居室-南,福田区梅林,http://sz.ziroom.com/z/vr/61546584.html
友家 · 学子荔园5居室-西卧,南山区大学城,http://sz.ziroom.com/z/vr/61337621.html
整租 · 聚龙大厦2居室-北,罗湖区东门,http://sz.ziroom.com/z/vr/61434860.html
友家 · 英郡年华三期时光里4居室-南卧,龙岗区,http://sz.ziroom.com/z/vr/61494023.html
友家 · 莱蒙水榭春天三期4居室-南卧,龙华区深圳北站,http://sz.ziroom.com/z/vr/60499732.html
友家 · 颐安都会中央一期5居室-南卧,龙岗区大运,http://sz.ziroom.com/z/vr/61392762.html
友家 · 紫薇花园5居室-南卧,龙岗区龙岗中心城,http://sz.ziroom.com/z/vr/61514136.html
整租 · 花样年花郡2居室-西南,宝安区宝安中心,http://sz.ziroom.com/z/vr/61525280.html
友家 · 新锦安雅园一期5居室-东北卧,宝安区翻身,http://sz.ziroom.com/z/vr/61553203.html
友家 · 福民新村4居室-南卧,福田区岗厦,http://sz.ziroom.com/z/vr/60033493.html
精选 · 合正锦湖魅力城1居室-北,罗湖区洪湖,http://sz.ziroom.com/z/vr/61486921.html
友家 · 茵悦之生花园一期4居室-北卧,龙岗区布吉,http://sz.ziroom.com/z/vr/61429458.html
友家 · 富达花园4居室-北卧,罗湖区莲塘,http://sz.ziroom.com/z/vr/61517009.html
友家 · 金地龙城中央二期4居室-东卧,龙岗区龙岗中心城,http://sz.ziroom.com/z/vr/60838589.html
友家 · 龙光玖龙玺北区5居室-南卧,龙华区,http://sz.ziroom.com/z/vr/61553068.html
整租 · 东门金座1居室-南,罗湖区东门,http://sz.ziroom.com/z/vr/60576299.html
友家 · 公园大地五期5居室-西卧,龙岗区,http://sz.ziroom.com/z/vr/61320445.html
整租 · 今日家园2居室-南,罗湖区,http://sz.ziroom.com/z/vr/61486500.html
整租 · 天健时尚新天地1居室-南,福田区景田,http://sz.ziroom.com/z/vr/61560817.html
友家 · 金成名苑4居室-东卧,宝安区翻身,http://sz.ziroom.com/z/vr/60689435.html
友家 · 翠华花园4居室-西卧,罗湖区凤凰,http://sz.ziroom.com/z/vr/60086515.html
友家 · 怡康家园4居室-东卧,龙岗区布吉,http://sz.ziroom.com/z/vr/61303729.html
整租 · 光华街住宅区2居室-南,南山区,http://sz.ziroom.com/z/vr/61506803.html
整租 · 源兴居2居室-北,罗湖区洪湖,http://sz.ziroom.com/z/vr/61501504.html
友家 · 金地龙城中央二期4居室-东卧,龙岗区龙岗中心城,http://sz.ziroom.com/z/vr/60996417.html
整租 · 鹏益花园1居室-西,福田区八卦岭,http://sz.ziroom.com/z/vr/61424825.html
友家 · 万象天成4居室-东南卧,龙岗区南联,http://sz.ziroom.com/z/vr/61261061.html
友家 · 鸿荣源·壹城中心第九区5居室-东卧,龙华区,http://sz.ziroom.com/z/vr/61402690.html
友家 · 鸿荣源·壹城中心第九区5居室-东卧,龙华区,http://sz.ziroom.com/z/vr/61402699.html
友家 · 鸿荣源·壹城中心第九区5居室-东卧,龙华区,http://sz.ziroom.com/z/vr/61426563.html
友家 · 莲花二村4居室-东南卧,福田区福田中心,http://sz.ziroom.com/z/vr/61424692.html
整租 · 星湖花园1居室-南,罗湖区,http://sz.ziroom.com/z/vr/61287682.html
整租 · 阳光新境园2居室-南,龙华区深圳北站,http://sz.ziroom.com/z/vr/61485435.html
友家 · 龙珠花园4居室-西卧,龙岗区布吉,http://sz.ziroom.com/z/vr/60516231.html
友家 · 益田村4居室-南卧,福田区石厦,http://sz.ziroom.com/z/vr/60425844.html
友家 · 聚宝花园5居室-南卧,罗湖区莲塘,http://sz.ziroom.com/z/vr/61498273.html
友家 · 越众小区4居室-南卧,福田区车公庙,http://sz.ziroom.com/z/vr/61315770.html
友家 · 茵悦之生花园一期4居室-南卧,龙岗区布吉,http://sz.ziroom.com/z/vr/61429457.html
整租 · 龙珠花园2居室-北,龙岗区布吉,http://sz.ziroom.com/z/vr/61499236.html
整租 · 保利上城1居室-西,龙岗区,http://sz.ziroom.com/z/vr/61525118.html
友家 · 中商花园4居室-东南卧,宝安区翻身,http://sz.ziroom.com/z/vr/61497470.html
友家 · 英达花园5居室-西卧,罗湖区布心,http://sz.ziroom.com/z/vr/60891308.html
友家 · 莱蒙水榭春天5期4居室-东卧,龙华区龙华中心,http://sz.ziroom.com/z/vr/60501308.html
友家 · 金地龙城中央二期4居室-西卧,龙岗区龙岗中心城,http://sz.ziroom.com/z/vr/61548318.html
友家 · 润福园4居室-南卧,福田区新洲,http://sz.ziroom.com/z/vr/40001277.html
友家 · 深业岭秀名苑5居室-东卧,福田区莲花,http://sz.ziroom.com/z/vr/61551740.html
友家 · 竹边新村3居室-南卧,罗湖区东门,http://sz.ziroom.com/z/vr/60571820.html
友家 · 莱蒙水榭春天二期4居室-南卧,龙华区深圳北站,http://sz.ziroom.com/z/vr/60618655.html
友家 · 金地龙城中央二期4居室-东卧,龙岗区龙岗中心城,http://sz.ziroom.com/z/vr/60849694.html
友家 · 金地龙城中央二期4居室-南卧,龙岗区龙岗中心城,http://sz.ziroom.com/z/vr/61297985.html
友家 · 金地龙城中央二期4居室-东卧,龙岗区龙岗中心城,http://sz.ziroom.com/z/vr/61293310.html
整租 · 君悦阁1居室-北,福田区华强北,http://sz.ziroom.com/z/vr/61452872.html
整租 · 桂芳园六期2居室-北,龙岗区布吉,http://sz.ziroom.com/z/vr/61498756.html
整租 · 鹏盛村1居室-南,福田区八卦岭,http://sz.ziroom.com/z/vr/60788822.html
整租 · 风尚时代2居室-东南,宝安区,http://sz.ziroom.com/z/vr/61502102.html
友家 · 华联城市全景5居室-东卧,宝安区新安,http://sz.ziroom.com/z/vr/61514293.html
友家 · 玉湖湾4居室-南卧,宝安区碧海,http://sz.ziroom.com/z/vr/60192595.html
友家 · 西岸观邸4居室-西南卧,宝安区西乡,http://sz.ziroom.com/z/vr/61486713.html
整租 · 格澜郡二期2居室-南,龙华区,http://sz.ziroom.com/z/vr/61324879.html
整租 · 鹏益花园1居室-东,福田区八卦岭,http://sz.ziroom.com/z/vr/61397454.html
整租 · 佳兆业中心1居室-东,福田区,http://sz.ziroom.com/z/vr/61443873.html
友家 · 英郡年华三期时光里4居室-东卧,龙岗区,http://sz.ziroom.com/z/vr/61496417.html
友家 · 紫竹园3居室-南卧,南山区花园城,http://sz.ziroom.com/z/vr/60065625.html
友家 · 桂芳园六期3居室-东卧,龙岗区布吉,http://sz.ziroom.com/z/vr/61132955.html
友家 · 广博星海华庭4居室-南卧,南山区蛇口,http://sz.ziroom.com/z/vr/316187.html
友家 · 领航城领秀花园4居室-南卧,宝安区西乡,http://sz.ziroom.com/z/vr/61373948.html
友家 · 华联城市全景5居室-西卧,宝安区新安,http://sz.ziroom.com/z/vr/61514295.html
整租 · 韵动家园1居室-西南,福田区新洲,http://sz.ziroom.com/z/vr/61527020.html
整租 · 港铁天颂2居室-西,龙华区龙华中心,http://sz.ziroom.com/z/vr/61518126.html
整租 · 世纪春城二期2居室-北,龙华区民治,http://sz.ziroom.com/z/vr/61340721.html
友家 · 远洋新干线一期3居室-南卧,龙岗区南联,http://sz.ziroom.com/z/vr/60934494.html
友家 · 鸿荣源·壹城中心第九区6居室-南卧,龙华区,http://sz.ziroom.com/z/vr/61411321.html
友家 · 碧海富通城四期4居室-北卧,宝安区,http://sz.ziroom.com/z/vr/61502408.html
友家 · 龙岗天健郡城4居室-南卧,龙岗区龙岗中心城,http://sz.ziroom.com/z/vr/61123700.html
友家 · 公园大地五期5居室-东卧,龙岗区,http://sz.ziroom.com/z/vr/61293803.html
友家 · 东方半岛花园A区4居室-东卧,龙岗区,http://sz.ziroom.com/z/vr/61542371.html
整租 · 荣超花园1居室-东,龙岗区布吉,http://sz.ziroom.com/z/vr/61463807.html
友家 · 时尚名居3居室-南卧,福田区石厦,http://sz.ziroom.com/z/vr/281137.html
整租 · 光华街住宅区2居室-南,南山区,http://sz.ziroom.com/z/vr/61492425.html
友家 · 绿洲花园4居室-南卧,福田区新洲,http://sz.ziroom.com/z/vr/301434.html
友家 · 金地龙城中央二期4居室-北卧,龙岗区龙岗中心城,http://sz.ziroom.com/z/vr/61292839.html
整租 · 绿景虹湾2居室-南,福田区,http://sz.ziroom.com/z/vr/61334151.html
整租 · 理想家园2居室-西,龙岗区布吉,http://sz.ziroom.com/z/vr/61497923.html
友家 · 长城花园4居室-南卧,福田区福田中心,http://sz.ziroom.com/z/vr/60801399.html
友家 · 新锦安雅园一期5居室-西南卧,宝安区翻身,http://sz.ziroom.com/z/vr/61553206.html
整租 · 新鹏苑1居室-东,宝安区翻身,http://sz.ziroom.com/z/vr/61544049.html
整租 · 鹏公馆1居室-东北,罗湖区,http://sz.ziroom.com/z/vr/61553180.html
友家 · 鸿荣源·壹城中心第九区5居室-西卧,龙华区,http://sz.ziroom.com/z/vr/61407486.html
友家 · 熙龙湾一期6居室-西南卧,宝安区西乡,http://sz.ziroom.com/z/vr/61457851.html
友家 · 鸿荣源·壹城中心第九区5居室-西卧,龙华区,http://sz.ziroom.com/z/vr/61420838.html
友家 · 鸿荣源·壹城中心第九区5居室-西卧,龙华区,http://sz.ziroom.com/z/vr/61430098.html
整租 · 鹏益花园1居室-南,福田区八卦岭,http://sz.ziroom.com/z/vr/61032227.html
友家 · 公园大地五期5居室-南卧,龙岗区,http://sz.ziroom.com/z/vr/61376033.html
友家 · 新锦安雅园一期5居室-东北卧,宝安区翻身,http://sz.ziroom.com/z/vr/61553205.html
友家 · 鸿荣源·壹城中心第九区5居室-南卧,龙华区,http://sz.ziroom.com/z/vr/61403349.html
友家 · 新锦安雅园一期4居室-东南卧,宝安区翻身,http://sz.ziroom.com/z/vr/61519050.html
友家 · 笔架山公馆4居室-南卧,福田区,http://sz.ziroom.com/z/vr/61498055.html
友家 · 星河时代4居室-东卧,龙岗区大运,http://sz.ziroom.com/z/vr/61530676.html
友家 · 德润荣君府4居室-南卧,龙岗区,http://sz.ziroom.com/z/vr/61572536.html
友家 · 福民新村4居室-南卧,福田区岗厦,http://sz.ziroom.com/z/vr/60996971.html
整租 · 西海明珠花园1居室-北,南山区南头,http://sz.ziroom.com/z/vr/61519137.html
友家 · 桦润馨居4居室-南卧,龙华区龙华中心,http://sz.ziroom.com/z/vr/60547030.html
友家 · 莱蒙水榭春天一期3居室-南卧,龙华区深圳北站,http://sz.ziroom.com/z/vr/61335158.html
整租 · 双城世纪1居室-南,罗湖区人民南,http://sz.ziroom.com/z/vr/60568985.html
友家 · 深大新村4居室-南卧,福田区岗厦,http://sz.ziroom.com/z/vr/40001292.html
整租 · 阁林网苑1居室-西,福田区华强北,http://sz.ziroom.com/z/vr/61496914.html
友家 · 星海名城一期二组团4居室-南卧,南山区前海,http://sz.ziroom.com/z/vr/309334.html
友家 · 学子荔园5居室-北卧,南山区大学城,http://sz.ziroom.com/z/vr/61337618.html
整租 · 光华街住宅区2居室-南,南山区,http://sz.ziroom.com/z/vr/61427218.html
整租 · 翠华花园2居室-东,罗湖区凤凰,http://sz.ziroom.com/z/vr/61526253.html
友家 · 领航城领秀花园4居室-南卧,宝安区西乡,http://sz.ziroom.com/z/vr/61376511.html
友家 · 鸿荣源·壹城中心第九区4居室-南卧,龙华区,http://sz.ziroom.com/z/vr/61397611.html
整租 · 泰安轩1居室-北,福田区车公庙,http://sz.ziroom.com/z/vr/61539582.html
友家 · 万科四季花城七期6居室-西卧,龙岗区坂田,http://sz.ziroom.com/z/vr/61096776.html
友家 · 东方半岛花园A区3居室-北卧,龙岗区,http://sz.ziroom.com/z/vr/61282155.html
友家 · 信义锦绣花园6居室-东卧,龙岗区,http://sz.ziroom.com/z/vr/61481002.html
整租 · 荣德国际ECC1居室-北,龙岗区,http://sz.ziroom.com/z/vr/61446338.html
整租 · 岭尚时代园1居室-北,福田区八卦岭,http://sz.ziroom.com/z/vr/61491360.html
友家 · 鸿荣源·壹城中心第九区6居室-南卧,龙华区,http://sz.ziroom.com/z/vr/61391784.html
友家 · 鸿荣源·壹城中心第九区6居室-南卧,龙华区,http://sz.ziroom.com/z/vr/61402597.html
友家 · 鸿荣源·壹城中心第九区6居室-南卧,龙华区,http://sz.ziroom.com/z/vr/61402662.html
友家 · 鸿荣源·壹城中心第九区5居室-南卧,龙华区,http://sz.ziroom.com/z/vr/61403350.html
友家 · 鸿荣源·壹城中心第九区6居室-东卧,龙华区,http://sz.ziroom.com/z/vr/61402594.html
友家 · 鸿荣源·壹城中心第九区6居室-南卧,龙华区,http://sz.ziroom.com/z/vr/61402595.html
友家 · 鸿荣源·壹城中心第九区6居室-西卧,龙华区,http://sz.ziroom.com/z/vr/61442117.html
友家 · 鸿荣源·壹城中心第九区6居室-南卧,龙华区,http://sz.ziroom.com/z/vr/61442119.html
友家 · 鸿荣源·壹城中心第九区6居室-南卧,龙华区,http://sz.ziroom.com/z/vr/61489277.html
友家 · 鸿荣源·壹城中心第九区6居室-南卧,龙华区,http://sz.ziroom.com/z/vr/61463858.html
友家 · 信义假日名城博雅园4居室-北卧,龙岗区布吉,http://sz.ziroom.com/z/vr/61471534.html
友家 · 鸿荣源·壹城中心第九区6居室-南卧,龙华区,http://sz.ziroom.com/z/vr/61500356.html
友家 · 鸿荣源·壹城中心第九区6居室-南卧,龙华区,http://sz.ziroom.com/z/vr/61427406.html
友家 · 鸿荣源·壹城中心第九区6居室-南卧,龙华区,http://sz.ziroom.com/z/vr/61427408.html
友家 · 鸿荣源·壹城中心第九区5居室-北卧,龙华区,http://sz.ziroom.com/z/vr/61416666.html
友家 · 鸿荣源·壹城中心第九区6居室-南卧,龙华区,http://sz.ziroom.com/z/vr/61408050.html
整租 · 御河堤1居室-西,福田区华强南,http://sz.ziroom.com/z/vr/61403099.html
整租 · 花好园1居室-北,福田区车公庙,http://sz.ziroom.com/z/vr/61544150.html
整租 · 苏豪名厦1居室-西,南山区南头,http://sz.ziroom.com/z/vr/61501191.html
友家 · 鸿荣源·壹城中心第九区4居室-东卧,龙华区,http://sz.ziroom.com/z/vr/61402681.html
友家 · 深圳海航城5居室-北卧,龙岗区南联,http://sz.ziroom.com/z/vr/60919140.html
友家 · 中海天钻5居室-东卧,罗湖区,http://sz.ziroom.com/z/vr/61494352.html
友家 · 鸿荣源·壹城中心第九区5居室-东卧,龙华区,http://sz.ziroom.com/z/vr/61470146.html
友家 · 绿海名都4居室-南卧,南山区南头,http://sz.ziroom.com/z/vr/60038154.html
整租 · 深圳海航城2居室-南,龙岗区南联,http://sz.ziroom.com/z/vr/61491309.html
整租 · 理想家园2居室-南,龙岗区布吉,http://sz.ziroom.com/z/vr/60540278.html
整租 · 置地逸轩1居室-北,罗湖区人民南,http://sz.ziroom.com/z/vr/61379433.html
整租 · 翠岭华庭2居室-北,龙华区,http://sz.ziroom.com/z/vr/61361042.html
整租 · 华联城市全景1居室-东南,宝安区新安,http://sz.ziroom.com/z/vr/61517118.html
友家 · 槟城西岸3居室-西北卧,宝安区西乡,http://sz.ziroom.com/z/vr/61272962.html
友家 · 岭尚时代园3居室-南卧,福田区八卦岭,http://sz.ziroom.com/z/vr/60469891.html
友家 · 翠华花园4居室-西卧,罗湖区凤凰,http://sz.ziroom.com/z/vr/60934060.html
友家 · 彩田村5居室-西卧,福田区梅林,http://sz.ziroom.com/z/vr/61409883.html
整租 · 荣德国际ECC2居室-西北,龙岗区,http://sz.ziroom.com/z/vr/61466447.html
整租 · 旭飞华安园1居室-南,福田区梅林,http://sz.ziroom.com/z/vr/288056.html
友家 · 万科四季花城二期4居室-北卧,龙岗区坂田,http://sz.ziroom.com/z/vr/60462289.html
友家 · 和通花园4居室-东卧,龙岗区布吉,http://sz.ziroom.com/z/vr/61506254.html
友家 · 鸿荣源·壹城中心第九区5居室-西卧,龙华区,http://sz.ziroom.com/z/vr/61460455.html
友家 · 鸿荣源·壹城中心第九区5居室-东卧,龙华区,http://sz.ziroom.com/z/vr/61478692.html
整租 · 京基御景华城2居室-西,福田区华强南,http://sz.ziroom.com/z/vr/61367453.html
整租 · 景尚雅苑1居室-西,福田区,http://sz.ziroom.com/z/vr/61496216.html
友家 · 荔园新村4居室-南卧,南山区世界之窗,http://sz.ziroom.com/z/vr/60568546.html
友家 · 鸿荣源·壹城中心第九区5居室-南卧,龙华区,http://sz.ziroom.com/z/vr/61407269.html
友家 · 鸿荣源·壹城中心第九区5居室-西卧,龙华区,http://sz.ziroom.com/z/vr/61426566.html
友家 · 鸿荣源·壹城中心第九区5居室-南卧,龙华区,http://sz.ziroom.com/z/vr/61416665.html
友家 · 熙龙湾一期6居室-西南卧,宝安区西乡,http://sz.ziroom.com/z/vr/61457852.html
友家 · 雍翠华府3居室-南卧,罗湖区布心,http://sz.ziroom.com/z/vr/61410302.html
整租 · 红桂皇冠1居室-南,罗湖区地王,http://sz.ziroom.com/z/vr/61496810.html
整租 · 新宝苑1居室-东,宝安区翻身,http://sz.ziroom.com/z/vr/61409438.html
整租 · 西城品阁1居室-东北,宝安区新安,http://sz.ziroom.com/z/vr/61407975.html
整租 · 港逸豪庭1居室-北,罗湖区万象城,http://sz.ziroom.com/z/vr/61535606.html
友家 · 桂芳园四期4居室-南卧,龙岗区布吉,http://sz.ziroom.com/z/vr/60700707.html
友家 · 龙珠花园4居室-北卧,龙岗区布吉,http://sz.ziroom.com/z/vr/61157662.html
友家 · 鸿荣源·壹城中心第九区5居室-北卧,龙华区,http://sz.ziroom.com/z/vr/61395446.html
友家 · 英郡年华5居室-西卧,龙岗区丹竹头,http://sz.ziroom.com/z/vr/61505712.html
友家 · 龙岗天健郡城4居室-西卧,龙岗区龙岗中心城,http://sz.ziroom.com/z/vr/61495131.html
整租 · 红岭大厦2居室-东,福田区上步,http://sz.ziroom.com/z/vr/61478871.html
友家 · 吉星花园4居室-北卧,龙岗区布吉,http://sz.ziroom.com/z/vr/61528760.html
整租 · 国展苑2居室-东,龙岗区布吉,http://sz.ziroom.com/z/vr/61462490.html
整租 · 光纤小区1居室-东,福田区,http://sz.ziroom.com/z/vr/61567195.html
友家 · 鸿荣源·壹方中心|玖誉5居室-南卧,宝安区宝安中心,http://sz.ziroom.com/z/vr/61506657.html
友家 · 鸿荣源·壹城中心第九区6居室-南卧,龙华区,http://sz.ziroom.com/z/vr/61463856.html
友家 · 美丽家园4居室-北卧,龙华区龙华中心,http://sz.ziroom.com/z/vr/61282575.html
友家 · 紫薇花园4居室-西卧,龙岗区龙岗中心城,http://sz.ziroom.com/z/vr/61222464.html
友家 · 中城康桥花园二期4居室-南卧,龙岗区,http://sz.ziroom.com/z/vr/61537527.html
整租 · 金港华庭1居室-南,宝安区西乡,http://sz.ziroom.com/z/vr/60740489.html
整租 · 荣德国际ECC2居室-北,龙岗区,http://sz.ziroom.com/z/vr/61491663.html
整租 · 国城花园1居室-北,福田区百花,http://sz.ziroom.com/z/vr/61410144.html
友家 · 雅豪祥苑4居室-西北卧,龙岗区南联,http://sz.ziroom.com/z/vr/60974569.html
友家 · 珠江旭景佳园3居室-北卧,龙岗区坂田,http://sz.ziroom.com/z/vr/60571687.html
友家 · 鸿荣源·壹城中心第九区5居室-东卧,龙华区,http://sz.ziroom.com/z/vr/61426567.html
整租 · 信义假日名城五期A逸翠园2居室-东,龙岗区布吉,http://sz.ziroom.com/z/vr/61490901.html
整租 · 荔芳村1居室-西,南山区南头,http://sz.ziroom.com/z/vr/61437483.html
整租 · 大冲新城花园2居室-南,南山区科技园北,http://sz.ziroom.com/z/vr/61563594.html
整租 · 翠景居1居室-西南,宝安区,http://sz.ziroom.com/z/vr/61508327.html
整租 · 阁林网苑1居室-北,福田区华强北,http://sz.ziroom.com/z/vr/61484786.html
友家 · 中航阳光新苑5居室-南卧,龙华区深圳北站,http://sz.ziroom.com/z/vr/60693047.html
友家 · 洪湖花园4居室-西北卧,罗湖区洪湖,http://sz.ziroom.com/z/vr/60251086.html
友家 · 碧湖花园4居室-南卧,罗湖区洪湖,http://sz.ziroom.com/z/vr/60092188.html
友家 · 龙岗天健郡城4居室-东卧,龙岗区龙岗中心城,http://sz.ziroom.com/z/vr/61494500.html
友家 · 星河明居3居室-东卧,福田区石厦,http://sz.ziroom.com/z/vr/40001710.html
整租 · 绿洲丰和1居室-北,福田区石厦,http://sz.ziroom.com/z/vr/61548590.html
整租 · 城市天地广场1居室-北,罗湖区万象城,http://sz.ziroom.com/z/vr/61521194.html
友家 · 景贝南小区4居室-北卧,罗湖区凤凰,http://sz.ziroom.com/z/vr/60340313.html
整租 · 汇泰大厦1居室-南,罗湖区人民南,http://sz.ziroom.com/z/vr/40004396.html
整租 · 苹果园1居室-北,龙华区清湖,http://sz.ziroom.com/z/vr/61460169.html
整租 · 丽晶国际2居室-西北,宝安区西乡,http://sz.ziroom.com/z/vr/61523573.html
整租 · 鹏公馆1居室-北,罗湖区,http://sz.ziroom.com/z/vr/61501578.html
整租 · 鹏公馆1居室-北,罗湖区,http://sz.ziroom.com/z/vr/61526627.html
友家 · 远洋新干线一期4居室-南卧,龙岗区南联,http://sz.ziroom.com/z/vr/61346954.html
整租 · 中兆花园2居室-东南,龙岗区布吉,http://sz.ziroom.com/z/vr/61123385.html
友家 · 万科天誉二期4居室-南卧,龙岗区,http://sz.ziroom.com/z/vr/61562656.html
友家 · 鸿荣源·壹城中心第九区5居室-东卧,龙华区,http://sz.ziroom.com/z/vr/61407490.html
友家 · 鸿荣源·壹城中心第九区5居室-东卧,龙华区,http://sz.ziroom.com/z/vr/61402703.html
友家 · 松园南小区4居室-北卧,罗湖区地王,http://sz.ziroom.com/z/vr/61419918.html
友家 · 鸿荣源·壹城中心第九区5居室-东卧,龙华区,http://sz.ziroom.com/z/vr/61430102.html
友家 · 紫薇花园4居室-南卧,龙岗区龙岗中心城,http://sz.ziroom.com/z/vr/60753780.html
友家 · 满京华喜悦里4居室-南卧,龙岗区南联,http://sz.ziroom.com/z/vr/61064418.html
友家 · 碧海名园3居室-北卧,宝安区西乡,http://sz.ziroom.com/z/vr/60558986.html
友家 · 优品建筑6居室-北卧,龙华区龙华中心,http://sz.ziroom.com/z/vr/61452127.html
整租 · 荣德国际ECC2居室-北,龙岗区,http://sz.ziroom.com/z/vr/61445372.html
整租 · 荣德国际ECC2居室-北,龙岗区,http://sz.ziroom.com/z/vr/61477473.html
整租 · 荣德国际ECC2居室-北,龙岗区,http://sz.ziroom.com/z/vr/61451760.html
整租 · 荣德国际ECC2居室-北,龙岗区,http://sz.ziroom.com/z/vr/61446806.html
整租 · 荣德国际ECC2居室-北,龙岗区,http://sz.ziroom.com/z/vr/61555657.html
整租 · 荣德国际ECC2居室-西北,龙岗区,http://sz.ziroom.com/z/vr/61555509.html
整租 · 白金酒店公寓1居室-西,宝安区翻身,http://sz.ziroom.com/z/vr/61414344.html
整租 · 鹏公馆1居室-北,罗湖区,http://sz.ziroom.com/z/vr/61468085.html
整租 · 鹏公馆1居室-北,罗湖区,http://sz.ziroom.com/z/vr/61571548.html
整租 · 白金酒店公寓1居室-东北,宝安区翻身,http://sz.ziroom.com/z/vr/61536707.html
整租 · 鹏公馆1居室-北,罗湖区,http://sz.ziroom.com/z/vr/61547167.html
整租 · 祥云天都世纪大厦1居室-北,福田区新洲,http://sz.ziroom.com/z/vr/61546732.html
友家 · 万科麓城三期4居室-东卧,龙岗区,http://sz.ziroom.com/z/vr/61508271.html
友家 · 学子荔园3居室-南卧,南山区大学城,http://sz.ziroom.com/z/vr/60560959.html
友家 · 万科四季花城二期4居室-南卧,龙岗区坂田,http://sz.ziroom.com/z/vr/61563382.html
友家 · 荣超花园4居室-南卧,龙岗区布吉,http://sz.ziroom.com/z/vr/60685745.html
友家 · 万科天誉二期5居室-北卧,龙岗区,http://sz.ziroom.com/z/vr/61398769.html
友家 · 南山豪庭4居室-西卧,南山区南头,http://sz.ziroom.com/z/vr/61535889.html
友家 · 星河盛世5居室-北卧,龙华区深圳北站,http://sz.ziroom.com/z/vr/61430316.html
整租 · 鹏公馆2居室-北,罗湖区,http://sz.ziroom.com/z/vr/61475943.html
整租 · 梅林一村五区2居室-北,福田区景田,http://sz.ziroom.com/z/vr/61451437.html
友家 · 佳兆业可园七期3居室-东卧,龙岗区,http://sz.ziroom.com/z/vr/61459247.html
友家 · 长福花园3居室-南卧,福田区福田中心,http://sz.ziroom.com/z/vr/60390092.html
友家 · 鸿荣源·壹城中心第九区5居室-北卧,龙华区,http://sz.ziroom.com/z/vr/61441051.html
整租 · 泰华锦绣城2居室-东南,宝安区翻身,http://sz.ziroom.com/z/vr/61531706.html
友家 · 文竹园5居室-南卧,南山区花园城,http://sz.ziroom.com/z/vr/61347136.html
友家 · 富通蟠龙居4居室-西南卧,宝安区碧海,http://sz.ziroom.com/z/vr/61527864.html
友家 · 金地龙城中央二期4居室-西卧,龙岗区龙岗中心城,http://sz.ziroom.com/z/vr/61104688.html
整租 · 苹果园1居室-北,龙华区清湖,http://sz.ziroom.com/z/vr/61347198.html
整租 · 中新街社区2居室-南,南山区世界之窗,http://sz.ziroom.com/z/vr/61529732.html
友家 · 麟恒中心广场一期5居室-南卧,龙岗区,http://sz.ziroom.com/z/vr/60809121.html
友家 · 中城康桥花园一期4居室-南卧,龙岗区丹竹头,http://sz.ziroom.com/z/vr/61504513.html
整租 · 鹏盛村1居室-南,福田区八卦岭,http://sz.ziroom.com/z/vr/61161653.html
友家 · 中海怡翠山庄一期3居室-东卧,龙岗区布吉,http://sz.ziroom.com/z/vr/61054348.html
友家 · 海富花园3居室-南卧,罗湖区春风路,http://sz.ziroom.com/z/vr/304457.html
整租 · 鹏公馆1居室-北,罗湖区,http://sz.ziroom.com/z/vr/61536036.html
友家 · 鸿基花园4居室-南卧,龙岗区龙岗中心城,http://sz.ziroom.com/z/vr/61485152.html
友家 · 吉星花园4居室-南卧,龙岗区布吉,http://sz.ziroom.com/z/vr/61528758.html
友家 · 桂芳园一期3居室-南卧,龙岗区布吉,http://sz.ziroom.com/z/vr/60595545.html
整租 · 鹏公馆1居室-北,罗湖区,http://sz.ziroom.com/z/vr/61511589.html
整租 · 锦绣江南二期2居室-北,龙华区清湖,http://sz.ziroom.com/z/vr/61428974.html
整租 · 鹏公馆1居室-北,罗湖区,http://sz.ziroom.com/z/vr/61547709.html
友家 · 越众小区3居室-南卧,福田区车公庙,http://sz.ziroom.com/z/vr/301481.html
整租 · 鹏公馆1居室-北,罗湖区,http://sz.ziroom.com/z/vr/61491614.html
整租 · 鹏公馆1居室-北,罗湖区,http://sz.ziroom.com/z/vr/61475909.html
整租 · 鹏公馆1居室-北,罗湖区,http://sz.ziroom.com/z/vr/61522029.html
整租 · 星河世纪1居室-西,福田区福田中心,http://sz.ziroom.com/z/vr/61389682.html
整租 · 都市翠海华苑1居室-东南,宝安区新安,http://sz.ziroom.com/z/vr/61512754.html
友家 · 深业新岸线三期4居室-南卧,宝安区西乡,http://sz.ziroom.com/z/vr/61062664.html
友家 · 金地龙城中央二期4居室-东卧,龙岗区龙岗中心城,http://sz.ziroom.com/z/vr/61293313.html
友家 · 中海天钻5居室-西卧,罗湖区,http://sz.ziroom.com/z/vr/61487271.html
友家 · 中海天钻5居室-西卧,罗湖区,http://sz.ziroom.com/z/vr/61474257.html
友家 · 星河银湖谷5居室-南卧,龙岗区,http://sz.ziroom.com/z/vr/60912252.html
友家 · 中城康桥花园二期4居室-北卧,龙岗区,http://sz.ziroom.com/z/vr/61537529.html
友家 · 金地上塘道一期4居室-南卧,龙华区龙华中心,http://sz.ziroom.com/z/vr/61534482.html
整租 · 新鹏苑1居室-南,宝安区翻身,http://sz.ziroom.com/z/vr/60487142.html
整租 · 星河传奇二期2居室-西,龙华区,http://sz.ziroom.com/z/vr/61532491.html
友家 · 鸿荣源·壹城中心第九区5居室-南卧,龙华区,http://sz.ziroom.com/z/vr/61403351.html
友家 · 南水小区4居室-西卧,南山区半岛,http://sz.ziroom.com/z/vr/61559229.html
友家 · 碧海富通城四期4居室-东卧,宝安区,http://sz.ziroom.com/z/vr/61512253.html
整租 · 香蜜时代2居室-北,福田区,http://sz.ziroom.com/z/vr/61434497.html
友家 · 骏庭名园4居室-南卧,罗湖区地王,http://sz.ziroom.com/z/vr/60116599.html
友家 · 景蜜村4居室-北卧,福田区景田,http://sz.ziroom.com/z/vr/61340190.html
友家 · 新秀村南区4居室-北卧,罗湖区新秀,http://sz.ziroom.com/z/vr/61545336.html
整租 · 苹果园1居室-北,龙华区清湖,http://sz.ziroom.com/z/vr/61384492.html
友家 · 鹏城花园4居室-北卧,罗湖区布心,http://sz.ziroom.com/z/vr/61512927.html
友家 · 万科天誉二期5居室-西卧,龙岗区,http://sz.ziroom.com/z/vr/60907197.html
友家 · 文竹园3居室-南卧,南山区花园城,http://sz.ziroom.com/z/vr/60550776.html
整租 · 信义假日名城五期A逸翠园2居室-南,龙岗区布吉,http://sz.ziroom.com/z/vr/61012224.html
整租 · 建业大厦2居室-东,福田区车公庙,http://sz.ziroom.com/z/vr/61405489.html
友家 · 祥祺花园4居室-南卧,南山区湾畔,http://sz.ziroom.com/z/vr/60091022.html
整租 · 香诗美林2居室-南,福田区车公庙,http://sz.ziroom.com/z/vr/61509675.html
友家 · 壹锦园4居室-南卧,龙岗区天安数码城龙岗,http://sz.ziroom.com/z/vr/60931059.html
友家 · 锦星花园3居室-西卧,罗湖区东门,http://sz.ziroom.com/z/vr/60601399.html
友家 · 龙岗天健郡城4居室-南卧,龙岗区龙岗中心城,http://sz.ziroom.com/z/vr/61318739.html
整租 · 金地海景花园1居室-南,福田区福荣,http://sz.ziroom.com/z/vr/60756348.html
整租 · 海雅缤纷城1居室-西北,宝安区翻身,http://sz.ziroom.com/z/vr/61485841.html
友家 · 城龙花园4居室-东卧,龙岗区龙岗中心城,http://sz.ziroom.com/z/vr/61201031.html
友家 · 鸿荣源·壹城中心第九区5居室-南卧,龙华区,http://sz.ziroom.com/z/vr/61442033.html
友家 · 百花园一期4居室-西卧,福田区百花,http://sz.ziroom.com/z/vr/61556460.html
友家 · 壹锦园6居室-南卧,龙岗区天安数码城龙岗,http://sz.ziroom.com/z/vr/60960113.html
友家 · 金沙花园4居室-西卧,福田区新洲,http://sz.ziroom.com/z/vr/60034775.html
友家 · 英郡年华5居室-北卧,龙岗区丹竹头,http://sz.ziroom.com/z/vr/61505713.html
整租 · 城市天地广场1居室-北,罗湖区万象城,http://sz.ziroom.com/z/vr/61521150.html
友家 · 金成时代家园3居室-北卧,宝安区西乡,http://sz.ziroom.com/z/vr/40002382.html
整租 · 星河盛世2居室-西,龙华区深圳北站,http://sz.ziroom.com/z/vr/61568551.html
友家 · 龙华花半里花园3居室-南卧,龙华区,http://sz.ziroom.com/z/vr/61506714.html
友家 · 锦荟PARK4居室-北卧,龙岗区横岗,http://sz.ziroom.com/z/vr/61282973.html
友家 · 中信湾上六座4居室-西卧,宝安区西乡,http://sz.ziroom.com/z/vr/61302070.html
友家 · 西城上筑花园3居室-南卧,宝安区西乡,http://sz.ziroom.com/z/vr/60067269.html
友家 · 建业大厦3居室-南卧,福田区车公庙,http://sz.ziroom.com/z/vr/325201.html
整租 · 苹果园1居室-北,龙华区清湖,http://sz.ziroom.com/z/vr/61364524.html
友家 · 鸿荣源·壹方中心|玖誉5居室-南卧,宝安区宝安中心,http://sz.ziroom.com/z/vr/61506656.html
整租 · 盛世鹏程2居室-南,福田区八卦岭,http://sz.ziroom.com/z/vr/61376195.html
整租 · 好来居1居室-北,南山区南山中心,http://sz.ziroom.com/z/vr/61432104.html
整租 · 彩田村2居室-西南,福田区梅林,http://sz.ziroom.com/z/vr/61290005.html
友家 · 信义假日名城五期A逸翠园4居室-西卧,龙岗区布吉,http://sz.ziroom.com/z/vr/61443356.html
整租 · 华业玫瑰四季馨园二期1居室-西,龙华区龙华中心,http://sz.ziroom.com/z/vr/61483003.html
整租 · 深蓝季节2居室-南,南山区南油,http://sz.ziroom.com/z/vr/61499110.html
整租 · 阁林网苑1居室-北,福田区华强北,http://sz.ziroom.com/z/vr/61396101.html
友家 · 银信中心二期5居室-西卧,龙岗区横岗,http://sz.ziroom.com/z/vr/61313653.html
整租 · 城市天地广场1居室-南,罗湖区万象城,http://sz.ziroom.com/z/vr/60563693.html
友家 · 中海天钻5居室-南卧,罗湖区,http://sz.ziroom.com/z/vr/61494351.html
友家 · 金地龙城中央一期5居室-东卧,龙岗区,http://sz.ziroom.com/z/vr/60882811.html
友家 · 鸿荣源·壹方中心|玖誉5居室-南卧,宝安区宝安中心,http://sz.ziroom.com/z/vr/61506653.html
友家 · 鸿基花园4居室-南卧,龙岗区龙岗中心城,http://sz.ziroom.com/z/vr/61485155.html
整租 · 华业玫瑰四季馨园二期1居室-北,龙华区龙华中心,http://sz.ziroom.com/z/vr/61509968.html
整租 · 锦上花家园2居室-北,罗湖区新秀,http://sz.ziroom.com/z/vr/61481776.html
整租 · 花好园2居室-东,福田区车公庙,http://sz.ziroom.com/z/vr/61448289.html
友家 · 雍翠华府3居室-东卧,罗湖区布心,http://sz.ziroom.com/z/vr/60817726.html
友家 · 石鸿融景园4居室-东卧,宝安区翻身,http://sz.ziroom.com/z/vr/40002754.html
友家 · 星河传奇一期5居室-东卧,龙华区龙华中心,http://sz.ziroom.com/z/vr/61299272.html
友家 · 香珠花园4居室-南卧,福田区香蜜湖,http://sz.ziroom.com/z/vr/40005316.html
友家 · 星河银湖谷5居室-南卧,龙岗区,http://sz.ziroom.com/z/vr/60824515.html
友家 · 英郡年华3居室-北卧,龙岗区丹竹头,http://sz.ziroom.com/z/vr/61140423.html
友家 · 绿景虹湾6居室-西卧,福田区,http://sz.ziroom.com/z/vr/61516940.html
整租 · 华业玫瑰四季馨园二期1居室-东,龙华区龙华中心,http://sz.ziroom.com/z/vr/61568182.html
友家 · 碧水龙庭4居室-西卧,龙华区民治,http://sz.ziroom.com/z/vr/60647650.html
友家 · 康欣园5居室-东卧,福田区,http://sz.ziroom.com/z/vr/61488813.html
整租 · 华业玫瑰四季馨园二期1居室-东,龙华区龙华中心,http://sz.ziroom.com/z/vr/61462047.html
整租 · 城市主场1居室-东,福田区八卦岭,http://sz.ziroom.com/z/vr/61419035.html
友家 · 东方新地4居室-南卧,南山区科技园北,http://sz.ziroom.com/z/vr/280171.html
友家 · 泰雅园4居室-南卧,龙岗区布吉,http://sz.ziroom.com/z/vr/60891005.html
友家 · 宁水花园4居室-南卧,罗湖区,http://sz.ziroom.com/z/vr/60802777.html
友家 · 金地龙城中央一期4居室-北卧,龙岗区,http://sz.ziroom.com/z/vr/60874191.html
整租 · 雍景湾2居室-南,南山区花园城,http://sz.ziroom.com/z/vr/61426877.html
整租 · 华业玫瑰四季馨园二期1居室-东,龙华区龙华中心,http://sz.ziroom.com/z/vr/61564542.html
整租 · 华业玫瑰四季馨园二期1居室-东,龙华区龙华中心,http://sz.ziroom.com/z/vr/61534404.html
友家 · 都市名园4居室-西卧,罗湖区地王,http://sz.ziroom.com/z/vr/61489401.html
友家 · 园岭新村4居室-南卧,福田区园岭,http://sz.ziroom.com/z/vr/60991552.html
友家 · 中海康城国际一期4居室-北卧,龙岗区天安数码城龙岗,http://sz.ziroom.com/z/vr/60993294.html
友家 · 中新街芳华苑4居室-南卧,南山区,http://sz.ziroom.com/z/vr/60868562.html
友家 · 富通天骏4居室-北卧,龙华区清湖,http://sz.ziroom.com/z/vr/60894248.html
友家 · 桂芳园五期3居室-南卧,龙岗区布吉,http://sz.ziroom.com/z/vr/60827114.html
友家 · 百花园一期4居室-北卧,福田区百花,http://sz.ziroom.com/z/vr/61556461.html
友家 · 百花园一期4居室-西北卧,福田区百花,http://sz.ziroom.com/z/vr/61556462.html
整租 · 国城花园1居室-南,福田区百花,http://sz.ziroom.com/z/vr/60038114.html
整租 · 竹园小区1居室-北,福田区车公庙,http://sz.ziroom.com/z/vr/61457800.html
友家 · 理想家园4居室-北卧,龙岗区布吉,http://sz.ziroom.com/z/vr/61433791.html
友家 · 锦荟PARK4居室-北卧,龙岗区横岗,http://sz.ziroom.com/z/vr/61513988.html
友家 · 英郡年华5居室-东卧,龙岗区丹竹头,http://sz.ziroom.com/z/vr/61505714.html
友家 · 金鼎大厦4居室-西卧,罗湖区春风路,http://sz.ziroom.com/z/vr/60968500.html
友家 · 壹锦园6居室-南卧,龙岗区天安数码城龙岗,http://sz.ziroom.com/z/vr/61316980.html
整租 · 百合星城一期1居室-北,龙岗区布吉,http://sz.ziroom.com/z/vr/60785069.html
友家 · 万象新天4居室-东卧,宝安区西乡,http://sz.ziroom.com/z/vr/61576512.html
友家 · 幸福海岸二期4居室-北卧,宝安区西乡,http://sz.ziroom.com/z/vr/60741041.html
友家 · 佳兆业可园四期5居室-北卧,龙岗区,http://sz.ziroom.com/z/vr/61531753.html
友家 · 欧景城花园5居室-东卧,龙岗区,http://sz.ziroom.com/z/vr/61351209.html
整租 · 鼎太风华七期2居室-南,南山区前海,http://sz.ziroom.com/z/vr/61511616.html
整租 · 御锦公馆1居室-东,福田区梅林,http://sz.ziroom.com/z/vr/61537928.html
友家 · 长城盛世家园一期4居室-东卧,福田区梅林,http://sz.ziroom.com/z/vr/61471607.html
整租 · 花果山小区2居室-北,南山区花园城,http://sz.ziroom.com/z/vr/61472846.html
友家 · 星都豪庭6居室-东卧,龙岗区布吉,http://sz.ziroom.com/z/vr/60779510.html
友家 · 英郡年华三期时光里4居室-北卧,龙岗区,http://sz.ziroom.com/z/vr/61484184.html
整租 · 华业玫瑰四季馨园二期1居室-东,龙华区龙华中心,http://sz.ziroom.com/z/vr/61499011.html
友家 · 中银花园4居室-北卧,福田区福田中心,http://sz.ziroom.com/z/vr/61055108.html
友家 · 吉星花园4居室-北卧,龙岗区布吉,http://sz.ziroom.com/z/vr/61528757.html
整租 · 翠海花园一期2居室-北,福田区香蜜湖,http://sz.ziroom.com/z/vr/61526510.html
友家 · 梅林一村九区5居室-北卧,福田区景田,http://sz.ziroom.com/z/vr/61231233.html
友家 · 壹锦园6居室-南卧,龙岗区天安数码城龙岗,http://sz.ziroom.com/z/vr/61316981.html
友家 · 中海天钻5居室-南卧,罗湖区,http://sz.ziroom.com/z/vr/61479717.html
整租 · 苹果园1居室-北,龙华区清湖,http://sz.ziroom.com/z/vr/61505789.html
整租 · 长丰苑2居室-南,罗湖区春风路,http://sz.ziroom.com/z/vr/61550966.html
友家 · 南海玫瑰花园一期4居室-北卧,南山区蛇口,http://sz.ziroom.com/z/vr/60107023.html
整租 · 华业玫瑰四季馨园二期1居室-东,龙华区龙华中心,http://sz.ziroom.com/z/vr/61510262.html
整租 · 华业玫瑰四季馨园二期1居室-西,龙华区龙华中心,http://sz.ziroom.com/z/vr/61489318.html
整租 · 华业玫瑰四季馨园二期1居室-东,龙华区龙华中心,http://sz.ziroom.com/z/vr/61501462.html
友家 · 宝瑞轩4居室-北卧,福田区福田保税区,http://sz.ziroom.com/z/vr/61522267.html
友家 · 碧海名园3居室-东卧,宝安区西乡,http://sz.ziroom.com/z/vr/60564481.html
友家 · 龙岸花园二期4居室-北卧,龙岗区,http://sz.ziroom.com/z/vr/61035626.html
友家 · 大信花园4居室-东卧,龙华区龙华中心,http://sz.ziroom.com/z/vr/60545703.html
友家 · 丰湖花园3居室-北卧,罗湖区,http://sz.ziroom.com/z/vr/61295603.html
整租 · 金城华庭2居室-南,罗湖区凤凰,http://sz.ziroom.com/z/vr/40001330.html
整租 · 特发和平里1居室-北,龙华区龙华中心,http://sz.ziroom.com/z/vr/61500580.html
友家 · 西城上筑花园4居室-东北卧,宝安区西乡,http://sz.ziroom.com/z/vr/60574628.html
友家 · 翠华花园4居室-西卧,罗湖区凤凰,http://sz.ziroom.com/z/vr/60030863.html
友家 · 海月花园二期5居室-南卧,南山区蛇口,http://sz.ziroom.com/z/vr/61517357.html
友家 · 锦荟PARK3居室-南卧,龙岗区横岗,http://sz.ziroom.com/z/vr/60968512.html
友家 · 锦荟PARK4居室-北卧,龙岗区横岗,http://sz.ziroom.com/z/vr/61513996.html
友家 · 锦荟PARK4居室-北卧,龙岗区横岗,http://sz.ziroom.com/z/vr/61458539.html
友家 · 锦荟PARK4居室-北卧,龙岗区横岗,http://sz.ziroom.com/z/vr/61494872.html
友家 · 广场北街小区4居室-东卧,罗湖区地王,http://sz.ziroom.com/z/vr/61046500.html
友家 · 美丽365花园4居室-北卧,龙华区龙华中心,http://sz.ziroom.com/z/vr/61293767.html
友家 · 天健现代城6居室-南卧,龙岗区天安数码城龙岗,http://sz.ziroom.com/z/vr/61019754.html
友家 · 富达花园4居室-南卧,罗湖区莲塘,http://sz.ziroom.com/z/vr/61517007.html
友家 · 嘉宝田花园4居室-北卧,罗湖区笋岗,http://sz.ziroom.com/z/vr/60264131.html
友家 · 都市名园4居室-南卧,罗湖区地王,http://sz.ziroom.com/z/vr/60137894.html
整租 · 华富大厦1居室-北,福田区,http://sz.ziroom.com/z/vr/61513552.html
整租 · 置地逸轩1居室-南,罗湖区人民南,http://sz.ziroom.com/z/vr/40001365.html
友家 · 英郡年华三期时光里4居室-东卧,龙岗区,http://sz.ziroom.com/z/vr/61494024.html
友家 · 福民新村4居室-北卧,福田区岗厦,http://sz.ziroom.com/z/vr/60385615.html
友家 · 园岭新村4居室-北卧,福田区园岭,http://sz.ziroom.com/z/vr/60557289.html
友家 · 菁英趣庭4居室-东卧,宝安区西乡,http://sz.ziroom.com/z/vr/298590.html
友家 · 富通天骏4居室-西卧,龙华区清湖,http://sz.ziroom.com/z/vr/60438851.html
友家 · 新洲花园综合楼3居室-西南卧,福田区新洲,http://sz.ziroom.com/z/vr/61303492.html
友家 · 碧海富通城四期4居室-北卧,宝安区,http://sz.ziroom.com/z/vr/61502406.html
友家 · 康乐园4居室-东卧,南山区南山中心,http://sz.ziroom.com/z/vr/60024952.html
整租 · 京基御景华城1居室-南,福田区华强南,http://sz.ziroom.com/z/vr/61396581.html
友家 · 前海花园4居室-北卧,南山区前海,http://sz.ziroom.com/z/vr/60524590.html
友家 · 星都豪庭6居室-西卧,龙岗区布吉,http://sz.ziroom.com/z/vr/60779507.html
友家 · 信义御城豪园4居室-西卧,龙岗区横岗,http://sz.ziroom.com/z/vr/61552151.html
友家 · 长城盛世家园一期4居室-东卧,福田区梅林,http://sz.ziroom.com/z/vr/61471606.html
友家 · 桂芳园五期3居室-南卧,龙岗区布吉,http://sz.ziroom.com/z/vr/60827115.html
友家 · 富通好旺角一期3居室-西卧,宝安区宝安中心,http://sz.ziroom.com/z/vr/60097292.html
整租 · 城市天地广场1居室-南,罗湖区万象城,http://sz.ziroom.com/z/vr/60927003.html
友家 · 招商澜园3居室-南卧,龙华区,http://sz.ziroom.com/z/vr/61465239.html
友家 · 玮鹏花园3居室-东卧,福田区福田中心,http://sz.ziroom.com/z/vr/60074466.html
整租 · 润恒大厦1居室-南,福田区福田中心,http://sz.ziroom.com/z/vr/60089334.html
整租 · 港丽豪园2居室-南,福田区,http://sz.ziroom.com/z/vr/61317111.html
友家 · 金地龙城中央二期4居室-东卧,龙岗区龙岗中心城,http://sz.ziroom.com/z/vr/60963062.html
友家 · 松园南小区4居室-北卧,罗湖区地王,http://sz.ziroom.com/z/vr/60519192.html
友家 · 福田花园4居室-北卧,福田区石厦,http://sz.ziroom.com/z/vr/40001716.html
友家 · 泰雅园3居室-北卧,龙岗区布吉,http://sz.ziroom.com/z/vr/61453762.html
友家 · 怡康家园4居室-西北卧,龙岗区布吉,http://sz.ziroom.com/z/vr/60556962.html
友家 · 东乐花园5居室-西卧,罗湖区百仕达,http://sz.ziroom.com/z/vr/61483895.html
友家 · 金沙花园4居室-西卧,福田区新洲,http://sz.ziroom.com/z/vr/60034776.html
友家 · 世界花园4居室-北卧,南山区世界之窗,http://sz.ziroom.com/z/vr/60103689.html
友家 · 中海天钻5居室-西卧,罗湖区,http://sz.ziroom.com/z/vr/61474256.html
友家 · 中海天钻5居室-东卧,罗湖区,http://sz.ziroom.com/z/vr/61471395.html
友家 · 龙光玖龙玺北区5居室-东卧,龙华区,http://sz.ziroom.com/z/vr/61530465.html
整租 · 德意名居一期1居室-北,南山区,http://sz.ziroom.com/z/vr/61245608.html
友家 · 景新花园4居室-东卧,福田区景田,http://sz.ziroom.com/z/vr/40001648.html
友家 · 英郡年华4居室-西卧,龙岗区丹竹头,http://sz.ziroom.com/z/vr/61327812.html
友家 · 英郡年华4居室-西卧,龙岗区丹竹头,http://sz.ziroom.com/z/vr/61327813.html
友家 · 蔚蓝海岸1期4居室-北卧,南山区海岸城,http://sz.ziroom.com/z/vr/61524089.html
友家 · 天然居4居室-南卧,福田区景田,http://sz.ziroom.com/z/vr/40001623.html
友家 · 万科麓城三期4居室-北卧,龙岗区,http://sz.ziroom.com/z/vr/61559793.html
友家 · 皇御苑一期3居室-南卧,福田区皇岗,http://sz.ziroom.com/z/vr/40001039.html
友家 · 碧海名园3居室-北卧,宝安区西乡,http://sz.ziroom.com/z/vr/60558985.html
整租 · 罗湖金岸大厦2居室-西,罗湖区人民南,http://sz.ziroom.com/z/vr/61509553.html
整租 · 橄榄鹏苑2居室-北,福田区莲花,http://sz.ziroom.com/z/vr/61345444.html
整租 · 沙河观景阁1居室-北,南山区世界之窗,http://sz.ziroom.com/z/vr/61524901.html
友家 · 景田西小区4居室-东卧,福田区景田,http://sz.ziroom.com/z/vr/60010979.html
友家 · 中海怡翠山庄二期4居室-东卧,龙岗区,http://sz.ziroom.com/z/vr/61443841.html
友家 · 桂芳园四期4居室-西卧,龙岗区布吉,http://sz.ziroom.com/z/vr/60818754.html
友家 · 鸿荣源·壹城中心第九区4居室-西卧,龙华区,http://sz.ziroom.com/z/vr/61388110.html
整租 · 都市花园2居室-东,福田区新洲,http://sz.ziroom.com/z/vr/61555858.html
友家 · 锦星花园3居室-东卧,罗湖区东门,http://sz.ziroom.com/z/vr/60601401.html
友家 · 鸿荣源·壹城中心第九区6居室-东卧,龙华区,http://sz.ziroom.com/z/vr/61391781.html
友家 · 鸿荣源·壹城中心第九区6居室-东卧,龙华区,http://sz.ziroom.com/z/vr/61402659.html
友家 · 英郡年华三期时光里4居室-北卧,龙岗区,http://sz.ziroom.com/z/vr/61484185.html
友家 · 嘉葆润金座5居室-南卧,福田区新洲,http://sz.ziroom.com/z/vr/61542241.html
整租 · 中山颐景花园二期2居室-南,南山区科技园南,http://sz.ziroom.com/z/vr/61435587.html
友家 · 达海花园6居室-东北卧,宝安区宝安中心,http://sz.ziroom.com/z/vr/61492293.html
友家 · 翡翠名园4居室-北卧,福田区梅林,http://sz.ziroom.com/z/vr/40001905.html
友家 · 园岭新村4居室-东南卧,福田区园岭,http://sz.ziroom.com/z/vr/61302492.html
友家 · 鸿荣源·壹城中心第九区4居室-西卧,龙华区,http://sz.ziroom.com/z/vr/61399213.html
友家 · 银海苑4居室-西卧,福田区梅林,http://sz.ziroom.com/z/vr/60638584.html
友家 · 长城盛世家园二期3居室-北卧,福田区莲花,http://sz.ziroom.com/z/vr/60192014.html
友家 · 华瑞大厦5居室-西卧,罗湖区万象城,http://sz.ziroom.com/z/vr/60252074.html
友家 · 福民新村4居室-北卧,福田区岗厦,http://sz.ziroom.com/z/vr/60093584.html
友家 · 龙光玖龙玺北区5居室-东卧,龙华区,http://sz.ziroom.com/z/vr/61530464.html
友家 · 龙光玖龙玺北区5居室-西卧,龙华区,http://sz.ziroom.com/z/vr/61553066.html
整租 · 越海家园1居室-东,福田区车公庙,http://sz.ziroom.com/z/vr/61541721.html
友家 · 美丽家园5居室-北卧,龙华区龙华中心,http://sz.ziroom.com/z/vr/61524217.html
友家 · 桦润馨居4居室-北卧,龙华区龙华中心,http://sz.ziroom.com/z/vr/60667727.html
友家 · 华丽西村4居室-南卧,罗湖区凤凰,http://sz.ziroom.com/z/vr/60637214.html
友家 · 洪湖二街6号大院4居室-南卧,罗湖区洪湖,http://sz.ziroom.com/z/vr/60313971.html
友家 · 蔚蓝海岸3期4居室-西卧,南山区海岸城,http://sz.ziroom.com/z/vr/61518774.html
友家 · 桂芳园五期4居室-东卧,龙岗区布吉,http://sz.ziroom.com/z/vr/61452829.html
友家 · 英达花园4居室-东卧,罗湖区布心,http://sz.ziroom.com/z/vr/61532893.html
友家 · 福华新村3居室-南卧,福田区岗厦,http://sz.ziroom.com/z/vr/60733662.html
友家 · 鸿荣源·壹城中心第九区5居室-东卧,龙华区,http://sz.ziroom.com/z/vr/61442034.html
整租 · 花园城三期1居室-西,南山区蛇口,http://sz.ziroom.com/z/vr/61499964.html
友家 · 布心花园一区4居室-东南卧,罗湖区布心,http://sz.ziroom.com/z/vr/60171960.html
友家 · 枫丹雅苑5居室-西卧,福田区香蜜湖,http://sz.ziroom.com/z/vr/60978163.html
友家 · 常兴广场4居室-南卧,南山区南头,http://sz.ziroom.com/z/vr/60459413.html
友家 · 龙光玖龙玺北区5居室-北卧,龙华区,http://sz.ziroom.com/z/vr/61530466.html
整租 · 东怡大厦2居室-南,福田区岗厦,http://sz.ziroom.com/z/vr/286676.html
友家 · 信义御城豪园4居室-西卧,龙岗区横岗,http://sz.ziroom.com/z/vr/61552152.html
友家 · 中央悦城4居室-东南卧,龙岗区龙岗中心城,http://sz.ziroom.com/z/vr/61002509.html
整租 · 鹏益花园1居室-南,福田区八卦岭,http://sz.ziroom.com/z/vr/61560938.html
友家 · 丽湖花园二期3居室-西卧,龙岗区布吉,http://sz.ziroom.com/z/vr/61504653.html
整租 · 罗湖金岸大厦2居室-西,罗湖区人民南,http://sz.ziroom.com/z/vr/61410697.html
友家 · 麟恒中心广场一期5居室-北卧,龙岗区,http://sz.ziroom.com/z/vr/60809124.html
整租 · 南光捷佳大厦1居室-东南,福田区华强南,http://sz.ziroom.com/z/vr/61071717.html
友家 · 华丽园4居室-北卧,罗湖区翠竹,http://sz.ziroom.com/z/vr/309084.html
整租 · 御锦公馆2居室-西,福田区梅林,http://sz.ziroom.com/z/vr/61440944.html
友家 · 福宇轩4居室-北卧,福田区车公庙,http://sz.ziroom.com/z/vr/60737435.html
友家 · 华瑞大厦4居室-南卧,罗湖区万象城,http://sz.ziroom.com/z/vr/60110433.html
整租 · 名骏豪庭1居室-南,罗湖区莲塘,http://sz.ziroom.com/z/vr/61526579.html
友家 · 万科红四期4居室-南卧,龙岗区布吉,http://sz.ziroom.com/z/vr/61562588.html
整租 · 合正锦湖魅力城1居室-西南,罗湖区洪湖,http://sz.ziroom.com/z/vr/60973043.html
友家 · 恒福花园3居室-南卧,福田区岗厦,http://sz.ziroom.com/z/vr/309418.html
友家 · 中海天钻5居室-南卧,罗湖区,http://sz.ziroom.com/z/vr/61474053.html
整租 · 深蓝季节1居室-东,南山区南油,http://sz.ziroom.com/z/vr/61555450.html
友家 · 嘉宝田花园4居室-北卧,罗湖区笋岗,http://sz.ziroom.com/z/vr/60053406.html
友家 · 万科麓城二期4居室-西卧,龙岗区布吉,http://sz.ziroom.com/z/vr/61547137.html
友家 · 欧景城花园4居室-西卧,龙岗区,http://sz.ziroom.com/z/vr/60896735.html
友家 · 龙光玖龙玺北区5居室-西卧,龙华区,http://sz.ziroom.com/z/vr/61559578.html
友家 · 梧桐山新居3居室-西卧,罗湖区莲塘,http://sz.ziroom.com/z/vr/61475869.html
友家 · 桦润馨居4居室-北卧,龙华区龙华中心,http://sz.ziroom.com/z/vr/60667728.html
友家 · 金众小区3居室-北卧,福田区车公庙,http://sz.ziroom.com/z/vr/61491344.html
友家 · 锦荟PARK4居室-东卧,龙岗区横岗,http://sz.ziroom.com/z/vr/61504708.html
整租 · 鸿翔花园2居室-西,罗湖区,http://sz.ziroom.com/z/vr/61516781.html
友家 · 欧景城花园4居室-北卧,龙岗区,http://sz.ziroom.com/z/vr/61009796.html
友家 · 美丽365花园4居室-东卧,龙华区龙华中心,http://sz.ziroom.com/z/vr/61548974.html
整租 · 花园城三期1居室-西,南山区蛇口,http://sz.ziroom.com/z/vr/61325203.html
友家 · 前海丹华5居室-南卧,南山区,http://sz.ziroom.com/z/vr/61571060.html
友家 · 知春里4居室-西卧,龙岗区布吉,http://sz.ziroom.com/z/vr/60753282.html
友家 · 和通花园4居室-北卧,龙岗区布吉,http://sz.ziroom.com/z/vr/60624590.html
友家 · 泰华阳光海小区5居室-北卧,宝安区碧海,http://sz.ziroom.com/z/vr/60202315.html
友家 · 太白居4居室-北卧,罗湖区布心,http://sz.ziroom.com/z/vr/60421285.html
友家 · 颐安都会中央一期5居室-北卧,龙岗区大运,http://sz.ziroom.com/z/vr/61392761.html
整租 · 星河世纪1居室-北,福田区福田中心,http://sz.ziroom.com/z/vr/61568734.html
友家 · 欧景城花园4居室-东卧,龙岗区,http://sz.ziroom.com/z/vr/61291717.html
友家 · 福民大厦4居室-西卧,福田区岗厦,http://sz.ziroom.com/z/vr/287890.html
整租 · 泰华君逸世家1居室-东南,宝安区西乡,http://sz.ziroom.com/z/vr/60057702.html
友家 · 满京华喜悦里5居室-东卧,龙岗区南联,http://sz.ziroom.com/z/vr/61482131.html
友家 · 欧景城花园4居室-西卧,龙岗区,http://sz.ziroom.com/z/vr/60889000.html
友家 · 鼎太风华二期4居室-南卧,南山区前海,http://sz.ziroom.com/z/vr/61537746.html
友家 · 盛世鹏程4居室-南卧,福田区八卦岭,http://sz.ziroom.com/z/vr/60117700.html
友家 · 前海丹华5居室-南卧,南山区,http://sz.ziroom.com/z/vr/61571063.html
友家 · 博海名苑4居室-南卧,南山区科技园南,http://sz.ziroom.com/z/vr/60401809.html
